[debug] [2026-04-29T08:11:31.723Z] ----------------------------------------------------------------------
[debug] [2026-04-29T08:11:31.726Z] Command:       C:\Program Files\nodejs\node.exe C:\Users\ruddy\AppData\Roaming\npm\node_modules\firebase-tools\lib\bin\firebase.js deploy --only functions
[debug] [2026-04-29T08:11:31.726Z] CLI Version:   15.15.0
[debug] [2026-04-29T08:11:31.726Z] Platform:      win32
[debug] [2026-04-29T08:11:31.726Z] Node Version:  v24.14.0
[debug] [2026-04-29T08:11:31.726Z] Time:          Wed Apr 29 2026 01:11:31 GMT-0700 (hora estándar de las Montañas Rocosas)
[debug] [2026-04-29T08:11:31.726Z] ----------------------------------------------------------------------
[debug] 
[debug] [2026-04-29T08:11:33.054Z] > command requires scopes: ["email","openid","https://www.googleapis.com/auth/cloudplatformprojects.readonly","https://www.googleapis.com/auth/firebase","https://www.googleapis.com/auth/cloud-platform"]
[debug] [2026-04-29T08:11:33.054Z] > authorizing via signed-in user (ruddymirandam@gmail.com)
[debug] [2026-04-29T08:11:33.054Z] [iam] checking project bosstracker-9f91f for permissions ["cloudfunctions.functions.create","cloudfunctions.functions.delete","cloudfunctions.functions.get","cloudfunctions.functions.list","cloudfunctions.functions.update","cloudfunctions.operations.get","firebase.projects.get"]
[debug] [2026-04-29T08:11:33.055Z] Checked if tokens are valid: true, expires at: 1777453430618
[debug] [2026-04-29T08:11:33.055Z] Checked if tokens are valid: true, expires at: 1777453430618
[debug] [2026-04-29T08:11:33.056Z] >>> [apiv2][query] POST https://cloudresourcemanager.googleapis.com/v1/projects/bosstracker-9f91f:testIamPermissions [none]
[debug] [2026-04-29T08:11:33.056Z] >>> [apiv2][(partial)header] POST https://cloudresourcemanager.googleapis.com/v1/projects/bosstracker-9f91f:testIamPermissions  x-goog-user-project=bosstracker-9f91f
[debug] [2026-04-29T08:11:33.056Z] >>> [apiv2][body] POST https://cloudresourcemanager.googleapis.com/v1/projects/bosstracker-9f91f:testIamPermissions {"permissions":["cloudfunctions.functions.create","cloudfunctions.functions.delete","cloudfunctions.functions.get","cloudfunctions.functions.list","cloudfunctions.functions.update","cloudfunctions.operations.get","firebase.projects.get"]}
[debug] [2026-04-29T08:11:33.249Z] <<< [apiv2][status] POST https://cloudresourcemanager.googleapis.com/v1/projects/bosstracker-9f91f:testIamPermissions 200
[debug] [2026-04-29T08:11:33.249Z] <<< [apiv2][body] POST https://cloudresourcemanager.googleapis.com/v1/projects/bosstracker-9f91f:testIamPermissions {"permissions":["cloudfunctions.functions.create","cloudfunctions.functions.delete","cloudfunctions.functions.get","cloudfunctions.functions.list","cloudfunctions.functions.update","cloudfunctions.operations.get","firebase.projects.get"]}
[debug] [2026-04-29T08:11:33.250Z] Checked if tokens are valid: true, expires at: 1777453430618
[debug] [2026-04-29T08:11:33.250Z] Checked if tokens are valid: true, expires at: 1777453430618
[debug] [2026-04-29T08:11:33.250Z] >>> [apiv2][query] POST https://iam.googleapis.com/v1/projects/bosstracker-9f91f/serviceAccounts/bosstracker-9f91f@appspot.gserviceaccount.com:testIamPermissions [none]
[debug] [2026-04-29T08:11:33.250Z] >>> [apiv2][body] POST https://iam.googleapis.com/v1/projects/bosstracker-9f91f/serviceAccounts/bosstracker-9f91f@appspot.gserviceaccount.com:testIamPermissions {"permissions":["iam.serviceAccounts.actAs"]}
[debug] [2026-04-29T08:11:33.446Z] <<< [apiv2][status] POST https://iam.googleapis.com/v1/projects/bosstracker-9f91f/serviceAccounts/bosstracker-9f91f@appspot.gserviceaccount.com:testIamPermissions 200
[debug] [2026-04-29T08:11:33.446Z] <<< [apiv2][body] POST https://iam.googleapis.com/v1/projects/bosstracker-9f91f/serviceAccounts/bosstracker-9f91f@appspot.gserviceaccount.com:testIamPermissions {"permissions":["iam.serviceAccounts.actAs"]}
[info] 
[info] === Deploying to 'bosstracker-9f91f'...
[info] 
[info] i  deploying functions 
[debug] [2026-04-29T08:11:33.448Z] Checked if tokens are valid: true, expires at: 1777453430618
[debug] [2026-04-29T08:11:33.448Z] Checked if tokens are valid: true, expires at: 1777453430618
[debug] [2026-04-29T08:11:33.449Z] >>> [apiv2][query] GET https://cloudresourcemanager.googleapis.com/v1/projects/bosstracker-9f91f [none]
[debug] [2026-04-29T08:11:33.568Z] <<< [apiv2][status] GET https://cloudresourcemanager.googleapis.com/v1/projects/bosstracker-9f91f 200
[debug] [2026-04-29T08:11:33.568Z] <<< [apiv2][body] GET https://cloudresourcemanager.googleapis.com/v1/projects/bosstracker-9f91f {"projectNumber":"551025639019","projectId":"bosstracker-9f91f","lifecycleState":"ACTIVE","name":"bosstracker","labels":{"firebase":"enabled","firebase-core":"disabled"},"createTime":"2026-04-28T18:57:18.953Z"}
[info] i  functions: preparing codebase default for deployment 
[info] i  functions: ensuring required API cloudfunctions.googleapis.com is enabled... 
[info] i  functions: ensuring required API cloudbuild.googleapis.com is enabled... 
[debug] [2026-04-29T08:11:33.570Z] Checked if tokens are valid: true, expires at: 1777453430618
[debug] [2026-04-29T08:11:33.570Z] Checked if tokens are valid: true, expires at: 1777453430618
[info] i  artifactregistry: ensuring required API artifactregistry.googleapis.com is enabled... 
[debug] [2026-04-29T08:11:33.570Z] Checked if tokens are valid: true, expires at: 1777453430618
[debug] [2026-04-29T08:11:33.570Z] Checked if tokens are valid: true, expires at: 1777453430618
[debug] [2026-04-29T08:11:33.570Z] >>> [apiv2][query] GET https://serviceusage.googleapis.com/v1/projects/bosstracker-9f91f/services/cloudbuild.googleapis.com [none]
[debug] [2026-04-29T08:11:33.570Z] >>> [apiv2][(partial)header] GET https://serviceusage.googleapis.com/v1/projects/bosstracker-9f91f/services/cloudbuild.googleapis.com  x-goog-user-project=bosstracker-9f91f
[debug] [2026-04-29T08:11:33.571Z] >>> [apiv2][query] GET https://serviceusage.googleapis.com/v1/projects/bosstracker-9f91f/services/artifactregistry.googleapis.com [none]
[debug] [2026-04-29T08:11:33.572Z] >>> [apiv2][(partial)header] GET https://serviceusage.googleapis.com/v1/projects/bosstracker-9f91f/services/artifactregistry.googleapis.com  x-goog-user-project=bosstracker-9f91f
[debug] [2026-04-29T08:11:33.983Z] <<< [apiv2][status] GET https://serviceusage.googleapis.com/v1/projects/bosstracker-9f91f/services/cloudbuild.googleapis.com 200
[debug] [2026-04-29T08:11:33.983Z] <<< [apiv2][body] GET https://serviceusage.googleapis.com/v1/projects/bosstracker-9f91f/services/cloudbuild.googleapis.com [omitted]
[warn] !  functions: missing required API cloudbuild.googleapis.com. Enabling now... 
[debug] [2026-04-29T08:11:33.983Z] Checked if tokens are valid: true, expires at: 1777453430618
[debug] [2026-04-29T08:11:33.983Z] Checked if tokens are valid: true, expires at: 1777453430618
[debug] [2026-04-29T08:11:33.983Z] >>> [apiv2][query] POST https://serviceusage.googleapis.com/v1/projects/bosstracker-9f91f/services/cloudbuild.googleapis.com:enable [none]
[debug] [2026-04-29T08:11:33.984Z] >>> [apiv2][(partial)header] POST https://serviceusage.googleapis.com/v1/projects/bosstracker-9f91f/services/cloudbuild.googleapis.com:enable  x-goog-user-project=bosstracker-9f91f
[debug] [2026-04-29T08:11:34.013Z] <<< [apiv2][status] GET https://serviceusage.googleapis.com/v1/projects/bosstracker-9f91f/services/artifactregistry.googleapis.com 200
[debug] [2026-04-29T08:11:34.013Z] <<< [apiv2][body] GET https://serviceusage.googleapis.com/v1/projects/bosstracker-9f91f/services/artifactregistry.googleapis.com [omitted]
[warn] !  artifactregistry: missing required API artifactregistry.googleapis.com. Enabling now... 
[debug] [2026-04-29T08:11:34.013Z] Checked if tokens are valid: true, expires at: 1777453430618
[debug] [2026-04-29T08:11:34.013Z] Checked if tokens are valid: true, expires at: 1777453430618
[debug] [2026-04-29T08:11:34.013Z] >>> [apiv2][query] POST https://serviceusage.googleapis.com/v1/projects/bosstracker-9f91f/services/artifactregistry.googleapis.com:enable [none]
[debug] [2026-04-29T08:11:34.013Z] >>> [apiv2][(partial)header] POST https://serviceusage.googleapis.com/v1/projects/bosstracker-9f91f/services/artifactregistry.googleapis.com:enable  x-goog-user-project=bosstracker-9f91f
[debug] [2026-04-29T08:11:34.294Z] <<< [apiv2][status] POST https://serviceusage.googleapis.com/v1/projects/bosstracker-9f91f/services/cloudbuild.googleapis.com:enable 200
[debug] [2026-04-29T08:11:34.295Z] <<< [apiv2][body] POST https://serviceusage.googleapis.com/v1/projects/bosstracker-9f91f/services/cloudbuild.googleapis.com:enable [omitted]
[debug] [2026-04-29T08:11:34.449Z] <<< [apiv2][status] POST https://serviceusage.googleapis.com/v1/projects/bosstracker-9f91f/services/artifactregistry.googleapis.com:enable 200
[debug] [2026-04-29T08:11:34.449Z] <<< [apiv2][body] POST https://serviceusage.googleapis.com/v1/projects/bosstracker-9f91f/services/artifactregistry.googleapis.com:enable [omitted]
[debug] [2026-04-29T08:11:44.459Z] Checked if tokens are valid: true, expires at: 1777453430618
[debug] [2026-04-29T08:11:44.459Z] Checked if tokens are valid: true, expires at: 1777453430618
[debug] [2026-04-29T08:11:44.459Z] >>> [apiv2][query] GET https://firebase.googleapis.com/v1beta1/projects/bosstracker-9f91f/adminSdkConfig [none]
[debug] [2026-04-29T08:11:44.718Z] <<< [apiv2][status] GET https://firebase.googleapis.com/v1beta1/projects/bosstracker-9f91f/adminSdkConfig 200
[debug] [2026-04-29T08:11:44.718Z] <<< [apiv2][body] GET https://firebase.googleapis.com/v1beta1/projects/bosstracker-9f91f/adminSdkConfig {"projectId":"bosstracker-9f91f","storageBucket":"bosstracker-9f91f.firebasestorage.app"}
[debug] [2026-04-29T08:11:44.719Z] Checked if tokens are valid: true, expires at: 1777453430618
[debug] [2026-04-29T08:11:44.719Z] Checked if tokens are valid: true, expires at: 1777453430618
[debug] [2026-04-29T08:11:44.719Z] >>> [apiv2][query] GET https://runtimeconfig.googleapis.com/v1beta1/projects/bosstracker-9f91f/configs [none]
[debug] [2026-04-29T08:11:45.102Z] <<< [apiv2][status] GET https://runtimeconfig.googleapis.com/v1beta1/projects/bosstracker-9f91f/configs 200
[debug] [2026-04-29T08:11:45.102Z] <<< [apiv2][body] GET https://runtimeconfig.googleapis.com/v1beta1/projects/bosstracker-9f91f/configs {}
[debug] [2026-04-29T08:11:45.104Z] Validating nodejs source
[warn] !  functions: Runtime Node.js 20 will be deprecated on 2026-04-30 and will be decommissioned on 2026-10-30, after which you will not be able to deploy without upgrading. Consider upgrading now to avoid disruption. See https://cloud.google.com/functions/docs/runtime-support for full details on the lifecycle policy 
[warn] !  functions: package.json indicates an outdated version of firebase-functions. Please upgrade using npm install --save firebase-functions@latest in your functions directory. 
[warn] !  functions: Please note that there will be breaking changes when you upgrade. 
[debug] [2026-04-29T08:11:45.956Z] > [functions] package.json contents: {
  "name": "osr-boss-tracker-functions",
  "private": true,
  "engines": {
    "node": "20"
  },
  "main": "lib/index.js",
  "scripts": {
    "build": "tsc -p tsconfig.json",
    "build:watch": "tsc -w -p tsconfig.json",
    "lint": "eslint .",
    "serve": "npm run build && firebase emulators:start --only functions",
    "deploy": "firebase deploy --only functions",
    "logs": "firebase functions:log"
  },
  "dependencies": {
    "firebase-admin": "^13.5.0",
    "firebase-functions": "^6.4.0"
  },
  "devDependencies": {
    "@eslint/js": "^9.21.0",
    "@types/node": "^22.13.10",
    "eslint": "^9.21.0",
    "typescript": "^5.8.2"
  }
}
[debug] [2026-04-29T08:11:45.957Z] Building nodejs source
[info] i  functions: Loading and analyzing source code for codebase default to determine what to deploy 
[debug] [2026-04-29T08:11:45.957Z] Could not find functions.yaml. Must use http discovery
[debug] [2026-04-29T08:11:45.966Z] Found firebase-functions binary at 'C:\Users\ruddy\Documents\osr-boss-tracker\firebase\functions\node_modules\.bin\firebase-functions'
[info] Serving at port 8041

[debug] [2026-04-29T08:11:46.488Z] Got response from /__/functions.yaml {"endpoints":{"createInvite":{"availableMemoryMb":null,"timeoutSeconds":null,"minInstances":null,"maxInstances":null,"ingressSettings":null,"concurrency":null,"serviceAccountEmail":null,"vpc":null,"platform":"gcfv2","labels":{},"callableTrigger":{},"entryPoint":"createInvite"},"joinGuildWithInvite":{"availableMemoryMb":null,"timeoutSeconds":null,"minInstances":null,"maxInstances":null,"ingressSettings":null,"concurrency":null,"serviceAccountEmail":null,"vpc":null,"platform":"gcfv2","labels":{},"callableTrigger":{},"entryPoint":"joinGuildWithInvite"},"registerBossDeath":{"availableMemoryMb":null,"timeoutSeconds":null,"minInstances":null,"maxInstances":null,"ingressSettings":null,"concurrency":null,"serviceAccountEmail":null,"vpc":null,"platform":"gcfv2","labels":{},"callableTrigger":{},"entryPoint":"registerBossDeath"},"sendDueNotifications":{"availableMemoryMb":null,"timeoutSeconds":null,"minInstances":null,"maxInstances":null,"ingressSettings":null,"concurrency":null,"serviceAccountEmail":null,"vpc":null,"platform":"gcfv2","labels":{},"scheduleTrigger":{"schedule":"every 1 minutes","retryConfig":{"retryCount":null,"maxDoublings":null,"maxRetrySeconds":null,"minBackoffSeconds":null,"maxBackoffSeconds":null},"timeZone":null},"entryPoint":"sendDueNotifications"}},"specVersion":"v1alpha1","requiredAPIs":[{"api":"cloudscheduler.googleapis.com","reason":"Needed for scheduled functions."}],"extensions":{}}
[info] i  extensions: ensuring required API firebaseextensions.googleapis.com is enabled... 
[debug] [2026-04-29T08:11:50.514Z] Checked if tokens are valid: true, expires at: 1777453430618
[debug] [2026-04-29T08:11:50.514Z] Checked if tokens are valid: true, expires at: 1777453430618
[debug] [2026-04-29T08:11:50.514Z] >>> [apiv2][query] GET https://serviceusage.googleapis.com/v1/projects/bosstracker-9f91f/services/firebaseextensions.googleapis.com [none]
[debug] [2026-04-29T08:11:50.514Z] >>> [apiv2][(partial)header] GET https://serviceusage.googleapis.com/v1/projects/bosstracker-9f91f/services/firebaseextensions.googleapis.com  x-goog-user-project=bosstracker-9f91f
[debug] [2026-04-29T08:11:50.934Z] <<< [apiv2][status] GET https://serviceusage.googleapis.com/v1/projects/bosstracker-9f91f/services/firebaseextensions.googleapis.com 200
[debug] [2026-04-29T08:11:50.934Z] <<< [apiv2][body] GET https://serviceusage.googleapis.com/v1/projects/bosstracker-9f91f/services/firebaseextensions.googleapis.com [omitted]
[warn] !  extensions: missing required API firebaseextensions.googleapis.com. Enabling now... 
[debug] [2026-04-29T08:11:50.935Z] Checked if tokens are valid: true, expires at: 1777453430618
[debug] [2026-04-29T08:11:50.935Z] Checked if tokens are valid: true, expires at: 1777453430618
[debug] [2026-04-29T08:11:50.935Z] >>> [apiv2][query] POST https://serviceusage.googleapis.com/v1/projects/bosstracker-9f91f/services/firebaseextensions.googleapis.com:enable [none]
[debug] [2026-04-29T08:11:50.935Z] >>> [apiv2][(partial)header] POST https://serviceusage.googleapis.com/v1/projects/bosstracker-9f91f/services/firebaseextensions.googleapis.com:enable  x-goog-user-project=bosstracker-9f91f
[debug] [2026-04-29T08:11:51.499Z] <<< [apiv2][status] POST https://serviceusage.googleapis.com/v1/projects/bosstracker-9f91f/services/firebaseextensions.googleapis.com:enable 200
[debug] [2026-04-29T08:11:51.499Z] <<< [apiv2][body] POST https://serviceusage.googleapis.com/v1/projects/bosstracker-9f91f/services/firebaseextensions.googleapis.com:enable [omitted]
[debug] [2026-04-29T08:12:01.520Z] > command requires scopes: ["email","openid","https://www.googleapis.com/auth/cloudplatformprojects.readonly","https://www.googleapis.com/auth/firebase","https://www.googleapis.com/auth/cloud-platform"]
[debug] [2026-04-29T08:12:01.520Z] > authorizing via signed-in user (ruddymirandam@gmail.com)
[debug] [2026-04-29T08:12:01.520Z] [iam] checking project bosstracker-9f91f for permissions ["firebase.projects.get","firebaseextensions.instances.list"]
[debug] [2026-04-29T08:12:01.520Z] Checked if tokens are valid: true, expires at: 1777453430618
[debug] [2026-04-29T08:12:01.520Z] Checked if tokens are valid: true, expires at: 1777453430618
[debug] [2026-04-29T08:12:01.520Z] >>> [apiv2][query] POST https://cloudresourcemanager.googleapis.com/v1/projects/bosstracker-9f91f:testIamPermissions [none]
[debug] [2026-04-29T08:12:01.521Z] >>> [apiv2][(partial)header] POST https://cloudresourcemanager.googleapis.com/v1/projects/bosstracker-9f91f:testIamPermissions  x-goog-user-project=bosstracker-9f91f
[debug] [2026-04-29T08:12:01.521Z] >>> [apiv2][body] POST https://cloudresourcemanager.googleapis.com/v1/projects/bosstracker-9f91f:testIamPermissions {"permissions":["firebase.projects.get","firebaseextensions.instances.list"]}
[debug] [2026-04-29T08:12:01.689Z] <<< [apiv2][status] POST https://cloudresourcemanager.googleapis.com/v1/projects/bosstracker-9f91f:testIamPermissions 200
[debug] [2026-04-29T08:12:01.689Z] <<< [apiv2][body] POST https://cloudresourcemanager.googleapis.com/v1/projects/bosstracker-9f91f:testIamPermissions {"permissions":["firebase.projects.get","firebaseextensions.instances.list"]}
[debug] [2026-04-29T08:12:01.689Z] Checked if tokens are valid: true, expires at: 1777453430618
[debug] [2026-04-29T08:12:01.689Z] Checked if tokens are valid: true, expires at: 1777453430618
[debug] [2026-04-29T08:12:01.689Z] >>> [apiv2][query] GET https://firebaseextensions.googleapis.com/v1beta/projects/bosstracker-9f91f/instances pageSize=100&pageToken=
[debug] [2026-04-29T08:12:03.330Z] <<< [apiv2][status] GET https://firebaseextensions.googleapis.com/v1beta/projects/bosstracker-9f91f/instances 200
[debug] [2026-04-29T08:12:03.330Z] <<< [apiv2][body] GET https://firebaseextensions.googleapis.com/v1beta/projects/bosstracker-9f91f/instances {}
[info] i  functions: preparing functions directory for uploading... 
[info] i  functions: packaged C:\Users\ruddy\Documents\osr-boss-tracker\firebase\functions (50.25 KB) for uploading 
[debug] [2026-04-29T08:12:03.357Z] Checked if tokens are valid: true, expires at: 1777453430618
[debug] [2026-04-29T08:12:03.358Z] Checked if tokens are valid: true, expires at: 1777453430618
[debug] [2026-04-29T08:12:03.358Z] >>> [apiv2][query] GET https://cloudfunctions.googleapis.com/v1/projects/bosstracker-9f91f/locations/-/functions [none]
[debug] [2026-04-29T08:12:03.972Z] <<< [apiv2][status] GET https://cloudfunctions.googleapis.com/v1/projects/bosstracker-9f91f/locations/-/functions 200
[debug] [2026-04-29T08:12:03.973Z] <<< [apiv2][body] GET https://cloudfunctions.googleapis.com/v1/projects/bosstracker-9f91f/locations/-/functions {}
[debug] [2026-04-29T08:12:03.973Z] Checked if tokens are valid: true, expires at: 1777453430618
[debug] [2026-04-29T08:12:03.973Z] Checked if tokens are valid: true, expires at: 1777453430618
[debug] [2026-04-29T08:12:03.973Z] >>> [apiv2][query] GET https://cloudfunctions.googleapis.com/v2/projects/bosstracker-9f91f/locations/-/functions filter=environment%3D%22GEN_2%22
[debug] [2026-04-29T08:12:04.388Z] <<< [apiv2][status] GET https://cloudfunctions.googleapis.com/v2/projects/bosstracker-9f91f/locations/-/functions 200
[debug] [2026-04-29T08:12:04.388Z] <<< [apiv2][body] GET https://cloudfunctions.googleapis.com/v2/projects/bosstracker-9f91f/locations/-/functions {}
[info] i  functions: ensuring required API cloudscheduler.googleapis.com is enabled... 
[debug] [2026-04-29T08:12:04.390Z] Checked if tokens are valid: true, expires at: 1777453430618
[debug] [2026-04-29T08:12:04.390Z] Checked if tokens are valid: true, expires at: 1777453430618
[debug] [2026-04-29T08:12:04.390Z] >>> [apiv2][query] GET https://serviceusage.googleapis.com/v1/projects/551025639019/services/cloudscheduler.googleapis.com [none]
[debug] [2026-04-29T08:12:04.390Z] >>> [apiv2][(partial)header] GET https://serviceusage.googleapis.com/v1/projects/551025639019/services/cloudscheduler.googleapis.com  x-goog-user-project=551025639019
[debug] [2026-04-29T08:12:04.811Z] <<< [apiv2][status] GET https://serviceusage.googleapis.com/v1/projects/551025639019/services/cloudscheduler.googleapis.com 200
[debug] [2026-04-29T08:12:04.811Z] <<< [apiv2][body] GET https://serviceusage.googleapis.com/v1/projects/551025639019/services/cloudscheduler.googleapis.com [omitted]
[warn] !  functions: missing required API cloudscheduler.googleapis.com. Enabling now... 
[debug] [2026-04-29T08:12:04.811Z] Checked if tokens are valid: true, expires at: 1777453430618
[debug] [2026-04-29T08:12:04.811Z] Checked if tokens are valid: true, expires at: 1777453430618
[debug] [2026-04-29T08:12:04.811Z] >>> [apiv2][query] POST https://serviceusage.googleapis.com/v1/projects/551025639019/services/cloudscheduler.googleapis.com:enable [none]
[debug] [2026-04-29T08:12:04.811Z] >>> [apiv2][(partial)header] POST https://serviceusage.googleapis.com/v1/projects/551025639019/services/cloudscheduler.googleapis.com:enable  x-goog-user-project=551025639019
[debug] [2026-04-29T08:12:05.328Z] <<< [apiv2][status] POST https://serviceusage.googleapis.com/v1/projects/551025639019/services/cloudscheduler.googleapis.com:enable 200
[debug] [2026-04-29T08:12:05.328Z] <<< [apiv2][body] POST https://serviceusage.googleapis.com/v1/projects/551025639019/services/cloudscheduler.googleapis.com:enable [omitted]
[info] i  functions: ensuring required API run.googleapis.com is enabled... 
[debug] [2026-04-29T08:12:15.337Z] Checked if tokens are valid: true, expires at: 1777453430618
[debug] [2026-04-29T08:12:15.337Z] Checked if tokens are valid: true, expires at: 1777453430618
[info] i  functions: ensuring required API eventarc.googleapis.com is enabled... 
[debug] [2026-04-29T08:12:15.337Z] Checked if tokens are valid: true, expires at: 1777453430618
[debug] [2026-04-29T08:12:15.337Z] Checked if tokens are valid: true, expires at: 1777453430618
[info] i  functions: ensuring required API pubsub.googleapis.com is enabled... 
[debug] [2026-04-29T08:12:15.338Z] Checked if tokens are valid: true, expires at: 1777453430618
[debug] [2026-04-29T08:12:15.338Z] Checked if tokens are valid: true, expires at: 1777453430618
[info] i  functions: ensuring required API storage.googleapis.com is enabled... 
[debug] [2026-04-29T08:12:15.338Z] Checked if tokens are valid: true, expires at: 1777453430618
[debug] [2026-04-29T08:12:15.338Z] Checked if tokens are valid: true, expires at: 1777453430618
[debug] [2026-04-29T08:12:15.338Z] >>> [apiv2][query] GET https://serviceusage.googleapis.com/v1/projects/551025639019/services/run.googleapis.com [none]
[debug] [2026-04-29T08:12:15.338Z] >>> [apiv2][(partial)header] GET https://serviceusage.googleapis.com/v1/projects/551025639019/services/run.googleapis.com  x-goog-user-project=551025639019
[debug] [2026-04-29T08:12:15.339Z] >>> [apiv2][query] GET https://serviceusage.googleapis.com/v1/projects/551025639019/services/eventarc.googleapis.com [none]
[debug] [2026-04-29T08:12:15.339Z] >>> [apiv2][(partial)header] GET https://serviceusage.googleapis.com/v1/projects/551025639019/services/eventarc.googleapis.com  x-goog-user-project=551025639019
[debug] [2026-04-29T08:12:15.340Z] >>> [apiv2][query] GET https://serviceusage.googleapis.com/v1/projects/551025639019/services/pubsub.googleapis.com [none]
[debug] [2026-04-29T08:12:15.340Z] >>> [apiv2][(partial)header] GET https://serviceusage.googleapis.com/v1/projects/551025639019/services/pubsub.googleapis.com  x-goog-user-project=551025639019
[debug] [2026-04-29T08:12:15.340Z] >>> [apiv2][query] GET https://serviceusage.googleapis.com/v1/projects/551025639019/services/storage.googleapis.com [none]
[debug] [2026-04-29T08:12:15.340Z] >>> [apiv2][(partial)header] GET https://serviceusage.googleapis.com/v1/projects/551025639019/services/storage.googleapis.com  x-goog-user-project=551025639019
[debug] [2026-04-29T08:12:15.760Z] <<< [apiv2][status] GET https://serviceusage.googleapis.com/v1/projects/551025639019/services/run.googleapis.com 200
[debug] [2026-04-29T08:12:15.760Z] <<< [apiv2][body] GET https://serviceusage.googleapis.com/v1/projects/551025639019/services/run.googleapis.com [omitted]
[warn] !  functions: missing required API run.googleapis.com. Enabling now... 
[debug] [2026-04-29T08:12:15.761Z] Checked if tokens are valid: true, expires at: 1777453430618
[debug] [2026-04-29T08:12:15.761Z] Checked if tokens are valid: true, expires at: 1777453430618
[debug] [2026-04-29T08:12:15.761Z] >>> [apiv2][query] POST https://serviceusage.googleapis.com/v1/projects/551025639019/services/run.googleapis.com:enable [none]
[debug] [2026-04-29T08:12:15.761Z] >>> [apiv2][(partial)header] POST https://serviceusage.googleapis.com/v1/projects/551025639019/services/run.googleapis.com:enable  x-goog-user-project=551025639019
[debug] [2026-04-29T08:12:15.762Z] <<< [apiv2][status] GET https://serviceusage.googleapis.com/v1/projects/551025639019/services/pubsub.googleapis.com 200
[debug] [2026-04-29T08:12:15.762Z] <<< [apiv2][body] GET https://serviceusage.googleapis.com/v1/projects/551025639019/services/pubsub.googleapis.com [omitted]
[info] +  functions: required API pubsub.googleapis.com is enabled 
[debug] [2026-04-29T08:12:15.767Z] <<< [apiv2][status] GET https://serviceusage.googleapis.com/v1/projects/551025639019/services/eventarc.googleapis.com 200
[debug] [2026-04-29T08:12:15.767Z] <<< [apiv2][body] GET https://serviceusage.googleapis.com/v1/projects/551025639019/services/eventarc.googleapis.com [omitted]
[warn] !  functions: missing required API eventarc.googleapis.com. Enabling now... 
[debug] [2026-04-29T08:12:15.768Z] Checked if tokens are valid: true, expires at: 1777453430618
[debug] [2026-04-29T08:12:15.768Z] Checked if tokens are valid: true, expires at: 1777453430618
[debug] [2026-04-29T08:12:15.768Z] >>> [apiv2][query] POST https://serviceusage.googleapis.com/v1/projects/551025639019/services/eventarc.googleapis.com:enable [none]
[debug] [2026-04-29T08:12:15.768Z] >>> [apiv2][(partial)header] POST https://serviceusage.googleapis.com/v1/projects/551025639019/services/eventarc.googleapis.com:enable  x-goog-user-project=551025639019
[debug] [2026-04-29T08:12:15.769Z] <<< [apiv2][status] GET https://serviceusage.googleapis.com/v1/projects/551025639019/services/storage.googleapis.com 200
[debug] [2026-04-29T08:12:15.769Z] <<< [apiv2][body] GET https://serviceusage.googleapis.com/v1/projects/551025639019/services/storage.googleapis.com [omitted]
[info] +  functions: required API storage.googleapis.com is enabled 
[debug] [2026-04-29T08:12:16.131Z] <<< [apiv2][status] POST https://serviceusage.googleapis.com/v1/projects/551025639019/services/run.googleapis.com:enable 200
[debug] [2026-04-29T08:12:16.131Z] <<< [apiv2][body] POST https://serviceusage.googleapis.com/v1/projects/551025639019/services/run.googleapis.com:enable [omitted]
[debug] [2026-04-29T08:12:16.155Z] <<< [apiv2][status] POST https://serviceusage.googleapis.com/v1/projects/551025639019/services/eventarc.googleapis.com:enable 200
[debug] [2026-04-29T08:12:16.156Z] <<< [apiv2][body] POST https://serviceusage.googleapis.com/v1/projects/551025639019/services/eventarc.googleapis.com:enable [omitted]
[info] i  functions: generating the service identity for pubsub.googleapis.com... 
[debug] [2026-04-29T08:12:26.173Z] Checked if tokens are valid: true, expires at: 1777453430618
[debug] [2026-04-29T08:12:26.173Z] Checked if tokens are valid: true, expires at: 1777453430618
[info] i  functions: generating the service identity for eventarc.googleapis.com... 
[debug] [2026-04-29T08:12:26.173Z] Checked if tokens are valid: true, expires at: 1777453430618
[debug] [2026-04-29T08:12:26.173Z] Checked if tokens are valid: true, expires at: 1777453430618
[debug] [2026-04-29T08:12:26.173Z] >>> [apiv2][query] POST https://serviceusage.googleapis.com/v1beta1/projects/551025639019/services/pubsub.googleapis.com:generateServiceIdentity [none]
[debug] [2026-04-29T08:12:26.173Z] >>> [apiv2][(partial)header] POST https://serviceusage.googleapis.com/v1beta1/projects/551025639019/services/pubsub.googleapis.com:generateServiceIdentity  x-goog-user-project=551025639019
[debug] [2026-04-29T08:12:26.173Z] >>> [apiv2][body] POST https://serviceusage.googleapis.com/v1beta1/projects/551025639019/services/pubsub.googleapis.com:generateServiceIdentity {}
[debug] [2026-04-29T08:12:26.174Z] >>> [apiv2][query] POST https://serviceusage.googleapis.com/v1beta1/projects/551025639019/services/eventarc.googleapis.com:generateServiceIdentity [none]
[debug] [2026-04-29T08:12:26.174Z] >>> [apiv2][(partial)header] POST https://serviceusage.googleapis.com/v1beta1/projects/551025639019/services/eventarc.googleapis.com:generateServiceIdentity  x-goog-user-project=551025639019
[debug] [2026-04-29T08:12:26.174Z] >>> [apiv2][body] POST https://serviceusage.googleapis.com/v1beta1/projects/551025639019/services/eventarc.googleapis.com:generateServiceIdentity {}
[debug] [2026-04-29T08:12:27.247Z] <<< [apiv2][status] POST https://serviceusage.googleapis.com/v1beta1/projects/551025639019/services/eventarc.googleapis.com:generateServiceIdentity 200
[debug] [2026-04-29T08:12:27.248Z] <<< [apiv2][body] POST https://serviceusage.googleapis.com/v1beta1/projects/551025639019/services/eventarc.googleapis.com:generateServiceIdentity {"name":"operations/finished.DONE_OPERATION","done":true,"response":{"@type":"type.googleapis.com/google.api.serviceusage.v1beta1.ServiceIdentity","email":"service-551025639019@gcp-sa-eventarc.iam.gserviceaccount.com","uniqueId":"108036443517647015722"}}
[debug] [2026-04-29T08:12:27.268Z] <<< [apiv2][status] POST https://serviceusage.googleapis.com/v1beta1/projects/551025639019/services/pubsub.googleapis.com:generateServiceIdentity 200
[debug] [2026-04-29T08:12:27.268Z] <<< [apiv2][body] POST https://serviceusage.googleapis.com/v1beta1/projects/551025639019/services/pubsub.googleapis.com:generateServiceIdentity {"name":"operations/finished.DONE_OPERATION","done":true,"response":{"@type":"type.googleapis.com/google.api.serviceusage.v1beta1.ServiceIdentity","email":"service-551025639019@gcp-sa-pubsub.iam.gserviceaccount.com","uniqueId":"109205935217928178185"}}
[debug] [2026-04-29T08:12:27.270Z] Checked if tokens are valid: true, expires at: 1777453430618
[debug] [2026-04-29T08:12:27.270Z] Checked if tokens are valid: true, expires at: 1777453430618
[debug] [2026-04-29T08:12:27.270Z] >>> [apiv2][query] GET https://cloudresourcemanager.googleapis.com/v1/projects/bosstracker-9f91f [none]
[debug] [2026-04-29T08:12:27.561Z] <<< [apiv2][status] GET https://cloudresourcemanager.googleapis.com/v1/projects/bosstracker-9f91f 200
[debug] [2026-04-29T08:12:27.561Z] <<< [apiv2][body] GET https://cloudresourcemanager.googleapis.com/v1/projects/bosstracker-9f91f {"projectNumber":"551025639019","projectId":"bosstracker-9f91f","lifecycleState":"ACTIVE","name":"bosstracker","labels":{"firebase":"enabled","firebase-core":"disabled"},"createTime":"2026-04-28T18:57:18.953Z"}
[debug] [2026-04-29T08:12:27.562Z] Checked if tokens are valid: true, expires at: 1777453430618
[debug] [2026-04-29T08:12:27.562Z] Checked if tokens are valid: true, expires at: 1777453430618
[debug] [2026-04-29T08:12:27.562Z] >>> [apiv2][query] GET https://compute.googleapis.com/compute/v1/projects/551025639019 [none]
[debug] [2026-04-29T08:12:27.834Z] <<< [apiv2][status] GET https://compute.googleapis.com/compute/v1/projects/551025639019 403
[debug] [2026-04-29T08:12:27.834Z] <<< [apiv2][body] GET https://compute.googleapis.com/compute/v1/projects/551025639019 {"error":{"code":403,"message":"Compute Engine API has not been used in project 551025639019 before or it is disabled. Enable it by visiting https://console.developers.google.com/apis/api/compute.googleapis.com/overview?project=551025639019 then retry. If you enabled this API recently, wait a few minutes for the action to propagate to our systems and retry.","errors":[{"message":"Compute Engine API has not been used in project 551025639019 before or it is disabled. Enable it by visiting https://console.developers.google.com/apis/api/compute.googleapis.com/overview?project=551025639019 then retry. If you enabled this API recently, wait a few minutes for the action to propagate to our systems and retry.","domain":"usageLimits","reason":"accessNotConfigured","extendedHelp":"https://console.developers.google.com"}],"status":"PERMISSION_DENIED","details":[{"@type":"type.googleapis.com/google.rpc.ErrorInfo","reason":"SERVICE_DISABLED","domain":"googleapis.com","metadata":{"activationUrl":"https://console.developers.google.com/apis/api/compute.googleapis.com/overview?project=551025639019","service":"compute.googleapis.com","containerInfo":"551025639019","serviceTitle":"Compute Engine API","consumer":"projects/551025639019"}},{"@type":"type.googleapis.com/google.rpc.LocalizedMessage","locale":"en-US","message":"Compute Engine API has not been used in project 551025639019 before or it is disabled. Enable it by visiting https://console.developers.google.com/apis/api/compute.googleapis.com/overview?project=551025639019 then retry. If you enabled this API recently, wait a few minutes for the action to propagate to our systems and retry."},{"@type":"type.googleapis.com/google.rpc.Help","links":[{"description":"Google developers console API activation","url":"https://console.developers.google.com/apis/api/compute.googleapis.com/overview?project=551025639019"}]}]}}
[debug] [2026-04-29T08:12:27.835Z] unable to look up default compute service account. Falling back to 551025639019-compute@developer.gserviceaccount.com. Error: {"name":"FirebaseError","children":[],"context":{"body":{"error":{"code":403,"message":"Compute Engine API has not been used in project 551025639019 before or it is disabled. Enable it by visiting https://console.developers.google.com/apis/api/compute.googleapis.com/overview?project=551025639019 then retry. If you enabled this API recently, wait a few minutes for the action to propagate to our systems and retry.","errors":[{"message":"Compute Engine API has not been used in project 551025639019 before or it is disabled. Enable it by visiting https://console.developers.google.com/apis/api/compute.googleapis.com/overview?project=551025639019 then retry. If you enabled this API recently, wait a few minutes for the action to propagate to our systems and retry.","domain":"usageLimits","reason":"accessNotConfigured","extendedHelp":"https://console.developers.google.com"}],"status":"PERMISSION_DENIED","details":[{"@type":"type.googleapis.com/google.rpc.ErrorInfo","reason":"SERVICE_DISABLED","domain":"googleapis.com","metadata":{"activationUrl":"https://console.developers.google.com/apis/api/compute.googleapis.com/overview?project=551025639019","service":"compute.googleapis.com","containerInfo":"551025639019","serviceTitle":"Compute Engine API","consumer":"projects/551025639019"}},{"@type":"type.googleapis.com/google.rpc.LocalizedMessage","locale":"en-US","message":"Compute Engine API has not been used in project 551025639019 before or it is disabled. Enable it by visiting https://console.developers.google.com/apis/api/compute.googleapis.com/overview?project=551025639019 then retry. If you enabled this API recently, wait a few minutes for the action to propagate to our systems and retry."},{"@type":"type.googleapis.com/google.rpc.Help","links":[{"description":"Google developers console API activation","url":"https://console.developers.google.com/apis/api/compute.googleapis.com/overview?project=551025639019"}]}]}},"response":{"statusCode":403}},"exit":1,"message":"Request to https://compute.googleapis.com/compute/v1/projects/551025639019 had HTTP Error: 403, Compute Engine API has not been used in project 551025639019 before or it is disabled. Enable it by visiting https://console.developers.google.com/apis/api/compute.googleapis.com/overview?project=551025639019 then retry. If you enabled this API recently, wait a few minutes for the action to propagate to our systems and retry.","status":403}
[debug] [2026-04-29T08:12:27.835Z] Checked if tokens are valid: true, expires at: 1777453430618
[debug] [2026-04-29T08:12:27.835Z] Checked if tokens are valid: true, expires at: 1777453430618
[debug] [2026-04-29T08:12:27.835Z] >>> [apiv2][query] GET https://compute.googleapis.com/compute/v1/projects/551025639019 [none]
[debug] [2026-04-29T08:12:28.007Z] <<< [apiv2][status] GET https://compute.googleapis.com/compute/v1/projects/551025639019 403
[debug] [2026-04-29T08:12:28.007Z] <<< [apiv2][body] GET https://compute.googleapis.com/compute/v1/projects/551025639019 {"error":{"code":403,"message":"Compute Engine API has not been used in project 551025639019 before or it is disabled. Enable it by visiting https://console.developers.google.com/apis/api/compute.googleapis.com/overview?project=551025639019 then retry. If you enabled this API recently, wait a few minutes for the action to propagate to our systems and retry.","errors":[{"message":"Compute Engine API has not been used in project 551025639019 before or it is disabled. Enable it by visiting https://console.developers.google.com/apis/api/compute.googleapis.com/overview?project=551025639019 then retry. If you enabled this API recently, wait a few minutes for the action to propagate to our systems and retry.","domain":"usageLimits","reason":"accessNotConfigured","extendedHelp":"https://console.developers.google.com"}],"status":"PERMISSION_DENIED","details":[{"@type":"type.googleapis.com/google.rpc.ErrorInfo","reason":"SERVICE_DISABLED","domain":"googleapis.com","metadata":{"consumer":"projects/551025639019","activationUrl":"https://console.developers.google.com/apis/api/compute.googleapis.com/overview?project=551025639019","serviceTitle":"Compute Engine API","service":"compute.googleapis.com","containerInfo":"551025639019"}},{"@type":"type.googleapis.com/google.rpc.LocalizedMessage","locale":"en-US","message":"Compute Engine API has not been used in project 551025639019 before or it is disabled. Enable it by visiting https://console.developers.google.com/apis/api/compute.googleapis.com/overview?project=551025639019 then retry. If you enabled this API recently, wait a few minutes for the action to propagate to our systems and retry."},{"@type":"type.googleapis.com/google.rpc.Help","links":[{"description":"Google developers console API activation","url":"https://console.developers.google.com/apis/api/compute.googleapis.com/overview?project=551025639019"}]}]}}
[debug] [2026-04-29T08:12:28.007Z] unable to look up default compute service account. Falling back to 551025639019-compute@developer.gserviceaccount.com. Error: {"name":"FirebaseError","children":[],"context":{"body":{"error":{"code":403,"message":"Compute Engine API has not been used in project 551025639019 before or it is disabled. Enable it by visiting https://console.developers.google.com/apis/api/compute.googleapis.com/overview?project=551025639019 then retry. If you enabled this API recently, wait a few minutes for the action to propagate to our systems and retry.","errors":[{"message":"Compute Engine API has not been used in project 551025639019 before or it is disabled. Enable it by visiting https://console.developers.google.com/apis/api/compute.googleapis.com/overview?project=551025639019 then retry. If you enabled this API recently, wait a few minutes for the action to propagate to our systems and retry.","domain":"usageLimits","reason":"accessNotConfigured","extendedHelp":"https://console.developers.google.com"}],"status":"PERMISSION_DENIED","details":[{"@type":"type.googleapis.com/google.rpc.ErrorInfo","reason":"SERVICE_DISABLED","domain":"googleapis.com","metadata":{"consumer":"projects/551025639019","activationUrl":"https://console.developers.google.com/apis/api/compute.googleapis.com/overview?project=551025639019","serviceTitle":"Compute Engine API","service":"compute.googleapis.com","containerInfo":"551025639019"}},{"@type":"type.googleapis.com/google.rpc.LocalizedMessage","locale":"en-US","message":"Compute Engine API has not been used in project 551025639019 before or it is disabled. Enable it by visiting https://console.developers.google.com/apis/api/compute.googleapis.com/overview?project=551025639019 then retry. If you enabled this API recently, wait a few minutes for the action to propagate to our systems and retry."},{"@type":"type.googleapis.com/google.rpc.Help","links":[{"description":"Google developers console API activation","url":"https://console.developers.google.com/apis/api/compute.googleapis.com/overview?project=551025639019"}]}]}},"response":{"statusCode":403}},"exit":1,"message":"Request to https://compute.googleapis.com/compute/v1/projects/551025639019 had HTTP Error: 403, Compute Engine API has not been used in project 551025639019 before or it is disabled. Enable it by visiting https://console.developers.google.com/apis/api/compute.googleapis.com/overview?project=551025639019 then retry. If you enabled this API recently, wait a few minutes for the action to propagate to our systems and retry.","status":403}
[debug] [2026-04-29T08:12:28.007Z] Checked if tokens are valid: true, expires at: 1777453430618
[debug] [2026-04-29T08:12:28.007Z] Checked if tokens are valid: true, expires at: 1777453430618
[debug] [2026-04-29T08:12:28.007Z] >>> [apiv2][query] GET https://compute.googleapis.com/compute/v1/projects/551025639019 [none]
[debug] [2026-04-29T08:12:28.178Z] <<< [apiv2][status] GET https://compute.googleapis.com/compute/v1/projects/551025639019 403
[debug] [2026-04-29T08:12:28.178Z] <<< [apiv2][body] GET https://compute.googleapis.com/compute/v1/projects/551025639019 {"error":{"code":403,"message":"Compute Engine API has not been used in project 551025639019 before or it is disabled. Enable it by visiting https://console.developers.google.com/apis/api/compute.googleapis.com/overview?project=551025639019 then retry. If you enabled this API recently, wait a few minutes for the action to propagate to our systems and retry.","errors":[{"message":"Compute Engine API has not been used in project 551025639019 before or it is disabled. Enable it by visiting https://console.developers.google.com/apis/api/compute.googleapis.com/overview?project=551025639019 then retry. If you enabled this API recently, wait a few minutes for the action to propagate to our systems and retry.","domain":"usageLimits","reason":"accessNotConfigured","extendedHelp":"https://console.developers.google.com"}],"status":"PERMISSION_DENIED","details":[{"@type":"type.googleapis.com/google.rpc.ErrorInfo","reason":"SERVICE_DISABLED","domain":"googleapis.com","metadata":{"consumer":"projects/551025639019","service":"compute.googleapis.com","serviceTitle":"Compute Engine API","containerInfo":"551025639019","activationUrl":"https://console.developers.google.com/apis/api/compute.googleapis.com/overview?project=551025639019"}},{"@type":"type.googleapis.com/google.rpc.LocalizedMessage","locale":"en-US","message":"Compute Engine API has not been used in project 551025639019 before or it is disabled. Enable it by visiting https://console.developers.google.com/apis/api/compute.googleapis.com/overview?project=551025639019 then retry. If you enabled this API recently, wait a few minutes for the action to propagate to our systems and retry."},{"@type":"type.googleapis.com/google.rpc.Help","links":[{"description":"Google developers console API activation","url":"https://console.developers.google.com/apis/api/compute.googleapis.com/overview?project=551025639019"}]}]}}
[debug] [2026-04-29T08:12:28.178Z] unable to look up default compute service account. Falling back to 551025639019-compute@developer.gserviceaccount.com. Error: {"name":"FirebaseError","children":[],"context":{"body":{"error":{"code":403,"message":"Compute Engine API has not been used in project 551025639019 before or it is disabled. Enable it by visiting https://console.developers.google.com/apis/api/compute.googleapis.com/overview?project=551025639019 then retry. If you enabled this API recently, wait a few minutes for the action to propagate to our systems and retry.","errors":[{"message":"Compute Engine API has not been used in project 551025639019 before or it is disabled. Enable it by visiting https://console.developers.google.com/apis/api/compute.googleapis.com/overview?project=551025639019 then retry. If you enabled this API recently, wait a few minutes for the action to propagate to our systems and retry.","domain":"usageLimits","reason":"accessNotConfigured","extendedHelp":"https://console.developers.google.com"}],"status":"PERMISSION_DENIED","details":[{"@type":"type.googleapis.com/google.rpc.ErrorInfo","reason":"SERVICE_DISABLED","domain":"googleapis.com","metadata":{"consumer":"projects/551025639019","service":"compute.googleapis.com","serviceTitle":"Compute Engine API","containerInfo":"551025639019","activationUrl":"https://console.developers.google.com/apis/api/compute.googleapis.com/overview?project=551025639019"}},{"@type":"type.googleapis.com/google.rpc.LocalizedMessage","locale":"en-US","message":"Compute Engine API has not been used in project 551025639019 before or it is disabled. Enable it by visiting https://console.developers.google.com/apis/api/compute.googleapis.com/overview?project=551025639019 then retry. If you enabled this API recently, wait a few minutes for the action to propagate to our systems and retry."},{"@type":"type.googleapis.com/google.rpc.Help","links":[{"description":"Google developers console API activation","url":"https://console.developers.google.com/apis/api/compute.googleapis.com/overview?project=551025639019"}]}]}},"response":{"statusCode":403}},"exit":1,"message":"Request to https://compute.googleapis.com/compute/v1/projects/551025639019 had HTTP Error: 403, Compute Engine API has not been used in project 551025639019 before or it is disabled. Enable it by visiting https://console.developers.google.com/apis/api/compute.googleapis.com/overview?project=551025639019 then retry. If you enabled this API recently, wait a few minutes for the action to propagate to our systems and retry.","status":403}
[debug] [2026-04-29T08:12:28.178Z] Checked if tokens are valid: true, expires at: 1777453430618
[debug] [2026-04-29T08:12:28.178Z] Checked if tokens are valid: true, expires at: 1777453430618
[debug] [2026-04-29T08:12:28.179Z] >>> [apiv2][query] GET https://compute.googleapis.com/compute/v1/projects/551025639019 [none]
[debug] [2026-04-29T08:12:28.285Z] <<< [apiv2][status] GET https://compute.googleapis.com/compute/v1/projects/551025639019 403
[debug] [2026-04-29T08:12:28.285Z] <<< [apiv2][body] GET https://compute.googleapis.com/compute/v1/projects/551025639019 {"error":{"code":403,"message":"Compute Engine API has not been used in project 551025639019 before or it is disabled. Enable it by visiting https://console.developers.google.com/apis/api/compute.googleapis.com/overview?project=551025639019 then retry. If you enabled this API recently, wait a few minutes for the action to propagate to our systems and retry.","errors":[{"message":"Compute Engine API has not been used in project 551025639019 before or it is disabled. Enable it by visiting https://console.developers.google.com/apis/api/compute.googleapis.com/overview?project=551025639019 then retry. If you enabled this API recently, wait a few minutes for the action to propagate to our systems and retry.","domain":"usageLimits","reason":"accessNotConfigured","extendedHelp":"https://console.developers.google.com"}],"status":"PERMISSION_DENIED","details":[{"@type":"type.googleapis.com/google.rpc.ErrorInfo","reason":"SERVICE_DISABLED","domain":"googleapis.com","metadata":{"activationUrl":"https://console.developers.google.com/apis/api/compute.googleapis.com/overview?project=551025639019","service":"compute.googleapis.com","containerInfo":"551025639019","serviceTitle":"Compute Engine API","consumer":"projects/551025639019"}},{"@type":"type.googleapis.com/google.rpc.LocalizedMessage","locale":"en-US","message":"Compute Engine API has not been used in project 551025639019 before or it is disabled. Enable it by visiting https://console.developers.google.com/apis/api/compute.googleapis.com/overview?project=551025639019 then retry. If you enabled this API recently, wait a few minutes for the action to propagate to our systems and retry."},{"@type":"type.googleapis.com/google.rpc.Help","links":[{"description":"Google developers console API activation","url":"https://console.developers.google.com/apis/api/compute.googleapis.com/overview?project=551025639019"}]}]}}
[debug] [2026-04-29T08:12:28.285Z] unable to look up default compute service account. Falling back to 551025639019-compute@developer.gserviceaccount.com. Error: {"name":"FirebaseError","children":[],"context":{"body":{"error":{"code":403,"message":"Compute Engine API has not been used in project 551025639019 before or it is disabled. Enable it by visiting https://console.developers.google.com/apis/api/compute.googleapis.com/overview?project=551025639019 then retry. If you enabled this API recently, wait a few minutes for the action to propagate to our systems and retry.","errors":[{"message":"Compute Engine API has not been used in project 551025639019 before or it is disabled. Enable it by visiting https://console.developers.google.com/apis/api/compute.googleapis.com/overview?project=551025639019 then retry. If you enabled this API recently, wait a few minutes for the action to propagate to our systems and retry.","domain":"usageLimits","reason":"accessNotConfigured","extendedHelp":"https://console.developers.google.com"}],"status":"PERMISSION_DENIED","details":[{"@type":"type.googleapis.com/google.rpc.ErrorInfo","reason":"SERVICE_DISABLED","domain":"googleapis.com","metadata":{"activationUrl":"https://console.developers.google.com/apis/api/compute.googleapis.com/overview?project=551025639019","service":"compute.googleapis.com","containerInfo":"551025639019","serviceTitle":"Compute Engine API","consumer":"projects/551025639019"}},{"@type":"type.googleapis.com/google.rpc.LocalizedMessage","locale":"en-US","message":"Compute Engine API has not been used in project 551025639019 before or it is disabled. Enable it by visiting https://console.developers.google.com/apis/api/compute.googleapis.com/overview?project=551025639019 then retry. If you enabled this API recently, wait a few minutes for the action to propagate to our systems and retry."},{"@type":"type.googleapis.com/google.rpc.Help","links":[{"description":"Google developers console API activation","url":"https://console.developers.google.com/apis/api/compute.googleapis.com/overview?project=551025639019"}]}]}},"response":{"statusCode":403}},"exit":1,"message":"Request to https://compute.googleapis.com/compute/v1/projects/551025639019 had HTTP Error: 403, Compute Engine API has not been used in project 551025639019 before or it is disabled. Enable it by visiting https://console.developers.google.com/apis/api/compute.googleapis.com/overview?project=551025639019 then retry. If you enabled this API recently, wait a few minutes for the action to propagate to our systems and retry.","status":403}
[debug] [2026-04-29T08:12:28.286Z] Checked if tokens are valid: true, expires at: 1777453430618
[debug] [2026-04-29T08:12:28.286Z] Checked if tokens are valid: true, expires at: 1777453430618
[debug] [2026-04-29T08:12:28.286Z] >>> [apiv2][query] GET https://cloudbilling.googleapis.com/v1/projects/bosstracker-9f91f/billingInfo [none]
[debug] [2026-04-29T08:12:28.757Z] <<< [apiv2][status] GET https://cloudbilling.googleapis.com/v1/projects/bosstracker-9f91f/billingInfo 200
[debug] [2026-04-29T08:12:28.757Z] <<< [apiv2][body] GET https://cloudbilling.googleapis.com/v1/projects/bosstracker-9f91f/billingInfo {"name":"projects/bosstracker-9f91f/billingInfo","projectId":"bosstracker-9f91f","billingAccountName":"billingAccounts/01C654-754494-E4784D","billingEnabled":true}
[debug] [2026-04-29T08:12:28.758Z] Checked if tokens are valid: true, expires at: 1777453430618
[debug] [2026-04-29T08:12:28.759Z] Checked if tokens are valid: true, expires at: 1777453430618
[debug] [2026-04-29T08:12:28.759Z] >>> [apiv2][query] POST https://cloudfunctions.googleapis.com/v2/projects/bosstracker-9f91f/locations/us-central1/functions:generateUploadUrl [none]
[debug] [2026-04-29T08:12:30.405Z] <<< [apiv2][status] POST https://cloudfunctions.googleapis.com/v2/projects/bosstracker-9f91f/locations/us-central1/functions:generateUploadUrl 200
[debug] [2026-04-29T08:12:30.405Z] <<< [apiv2][body] POST https://cloudfunctions.googleapis.com/v2/projects/bosstracker-9f91f/locations/us-central1/functions:generateUploadUrl {"uploadUrl":"https://storage.googleapis.com/gcf-v2-uploads-551025639019.us-central1.cloudfunctions.appspot.com/83047d74-dfd6-44f9-9bc8-dc9cda19966c.zip?GoogleAccessId=service-551025639019@gcf-admin-robot.iam.gserviceaccount.com&Expires=1777452150&Signature=cR6bqOPj5rZernjIOdA8Z9DZLsvvKQdb%2FA6YlqoMdv3PjIOu8U8M9mcMmzn4ukpG9yTBjP6F0uoU2%2FsHeeSH0e51bOQOc8p979y4gcZeZwaS3PF9KQ8sMWMs8SVWLQBXr2LXr5YDNHeJskhi3PX%2FCUM9BLCEjyKtxaI%2BVg6StQ7UhZpE%2Fom3H35VjeInX59TR0IMYXhvrNm9LNEnve1IRqieHNj2QddzOR7rj8PyVCDcHGwGXfNhz6sbCm673%2B%2BdNTUqi8COD%2BFamopnsDXbP7HhZMpFb44WuaJ8SewpB4PsyVTxi%2Br%2FD17uU5fQu%2Fts%2FSslnnb8YkDqh8TKV3usQw%3D%3D","storageSource":{"bucket":"gcf-v2-uploads-551025639019.us-central1.cloudfunctions.appspot.com","object":"83047d74-dfd6-44f9-9bc8-dc9cda19966c.zip"}}
[debug] [2026-04-29T08:12:30.405Z] >>> [apiv2][query] PUT https://storage.googleapis.com/gcf-v2-uploads-551025639019.us-central1.cloudfunctions.appspot.com/83047d74-dfd6-44f9-9bc8-dc9cda19966c.zip GoogleAccessId=service-551025639019%40gcf-admin-robot.iam.gserviceaccount.com&Expires=1777452150&Signature=cR6bqOPj5rZernjIOdA8Z9DZLsvvKQdb%2FA6YlqoMdv3PjIOu8U8M9mcMmzn4ukpG9yTBjP6F0uoU2%2FsHeeSH0e51bOQOc8p979y4gcZeZwaS3PF9KQ8sMWMs8SVWLQBXr2LXr5YDNHeJskhi3PX%2FCUM9BLCEjyKtxaI%2BVg6StQ7UhZpE%2Fom3H35VjeInX59TR0IMYXhvrNm9LNEnve1IRqieHNj2QddzOR7rj8PyVCDcHGwGXfNhz6sbCm673%2B%2BdNTUqi8COD%2BFamopnsDXbP7HhZMpFb44WuaJ8SewpB4PsyVTxi%2Br%2FD17uU5fQu%2Fts%2FSslnnb8YkDqh8TKV3usQw%3D%3D
[debug] [2026-04-29T08:12:30.405Z] >>> [apiv2][body] PUT https://storage.googleapis.com/gcf-v2-uploads-551025639019.us-central1.cloudfunctions.appspot.com/83047d74-dfd6-44f9-9bc8-dc9cda19966c.zip [stream]
[debug] [2026-04-29T08:12:30.787Z] <<< [apiv2][status] PUT https://storage.googleapis.com/gcf-v2-uploads-551025639019.us-central1.cloudfunctions.appspot.com/83047d74-dfd6-44f9-9bc8-dc9cda19966c.zip 200
[debug] [2026-04-29T08:12:30.787Z] <<< [apiv2][body] PUT https://storage.googleapis.com/gcf-v2-uploads-551025639019.us-central1.cloudfunctions.appspot.com/83047d74-dfd6-44f9-9bc8-dc9cda19966c.zip [omitted]
[info] +  functions: functions source uploaded successfully 
[info] i  functions: creating Node.js 20 (2nd Gen) function createInvite(us-central1)... 
[info] i  functions: creating Node.js 20 (2nd Gen) function joinGuildWithInvite(us-central1)... 
[info] i  functions: creating Node.js 20 (2nd Gen) function registerBossDeath(us-central1)... 
[info] i  functions: creating Node.js 20 (2nd Gen) function sendDueNotifications(us-central1)... 
[debug] [2026-04-29T08:12:30.791Z] Checked if tokens are valid: true, expires at: 1777453430618
[debug] [2026-04-29T08:12:30.791Z] Checked if tokens are valid: true, expires at: 1777453430618
[debug] [2026-04-29T08:12:30.791Z] >>> [apiv2][query] POST https://cloudfunctions.googleapis.com/v2/projects/bosstracker-9f91f/locations/us-central1/functions functionId=createInvite
[debug] [2026-04-29T08:12:30.791Z] >>> [apiv2][body] POST https://cloudfunctions.googleapis.com/v2/projects/bosstracker-9f91f/locations/us-central1/functions {"name":"projects/bosstracker-9f91f/locations/us-central1/functions/createInvite","buildConfig":{"runtime":"nodejs20","entryPoint":"createInvite","source":{"storageSource":{"bucket":"gcf-v2-uploads-551025639019.us-central1.cloudfunctions.appspot.com","object":"83047d74-dfd6-44f9-9bc8-dc9cda19966c.zip"}},"environmentVariables":{"GOOGLE_NODE_RUN_SCRIPTS":""}},"serviceConfig":{"environmentVariables":{"FIREBASE_CONFIG":"{\"projectId\":\"bosstracker-9f91f\",\"storageBucket\":\"bosstracker-9f91f.firebasestorage.app\"}","GCLOUD_PROJECT":"bosstracker-9f91f","EVENTARC_CLOUD_EVENT_SOURCE":"projects/bosstracker-9f91f/locations/us-central1/services/createInvite","FUNCTION_TARGET":"createInvite","LOG_EXECUTION_ID":"true"},"ingressSettings":null,"timeoutSeconds":null,"serviceAccountEmail":null,"availableMemory":"256Mi","minInstanceCount":null,"maxInstanceCount":null,"maxInstanceRequestConcurrency":80,"availableCpu":"1","vpcConnector":null,"vpcConnectorEgressSettings":null,"directVpcNetworkInterface":null,"directVpcEgress":null},"labels":{"deployment-tool":"cli-firebase","deployment-callable":"true","firebase-functions-hash":"8b2fd95938456000be1dc389f4c108f5eb1acb3f"}}
[debug] [2026-04-29T08:12:32.512Z] <<< [apiv2][status] POST https://cloudfunctions.googleapis.com/v2/projects/bosstracker-9f91f/locations/us-central1/functions 200
[debug] [2026-04-29T08:12:32.512Z] <<< [apiv2][body] POST https://cloudfunctions.googleapis.com/v2/projects/bosstracker-9f91f/locations/us-central1/functions {"name":"projects/bosstracker-9f91f/locations/us-central1/operations/operation-1777450350997-65094e8c6f0ff-eaf9079e-22a39d75","metadata":{"@type":"type.googleapis.com/google.cloud.functions.v2.OperationMetadata","createTime":"2026-04-29T08:12:32.348158089Z","target":"projects/bosstracker-9f91f/locations/us-central1/functions/createInvite","verb":"create","cancelRequested":false,"apiVersion":"v2"},"done":false}
[debug] [2026-04-29T08:12:32.513Z] Checked if tokens are valid: true, expires at: 1777453430618
[debug] [2026-04-29T08:12:32.513Z] Checked if tokens are valid: true, expires at: 1777453430618
[debug] [2026-04-29T08:12:32.513Z] >>> [apiv2][query] GET https://cloudfunctions.googleapis.com/v2/projects/bosstracker-9f91f/locations/us-central1/operations/operation-1777450350997-65094e8c6f0ff-eaf9079e-22a39d75 [none]
[debug] [2026-04-29T08:12:32.674Z] <<< [apiv2][status] GET https://cloudfunctions.googleapis.com/v2/projects/bosstracker-9f91f/locations/us-central1/operations/operation-1777450350997-65094e8c6f0ff-eaf9079e-22a39d75 200
[debug] [2026-04-29T08:12:32.674Z] <<< [apiv2][body] GET https://cloudfunctions.googleapis.com/v2/projects/bosstracker-9f91f/locations/us-central1/operations/operation-1777450350997-65094e8c6f0ff-eaf9079e-22a39d75 {"name":"projects/bosstracker-9f91f/locations/us-central1/operations/operation-1777450350997-65094e8c6f0ff-eaf9079e-22a39d75","metadata":{"@type":"type.googleapis.com/google.cloud.functions.v2.OperationMetadata","createTime":"2026-04-29T08:12:32.348158089Z","target":"projects/bosstracker-9f91f/locations/us-central1/functions/createInvite","verb":"create","cancelRequested":false,"apiVersion":"v2"},"done":false}
[debug] [2026-04-29T08:12:33.179Z] [create-default-us-central1-createInvite] Retrying task index 0
[debug] [2026-04-29T08:12:33.180Z] Checked if tokens are valid: true, expires at: 1777453430618
[debug] [2026-04-29T08:12:33.180Z] Checked if tokens are valid: true, expires at: 1777453430618
[debug] [2026-04-29T08:12:33.180Z] >>> [apiv2][query] GET https://cloudfunctions.googleapis.com/v2/projects/bosstracker-9f91f/locations/us-central1/operations/operation-1777450350997-65094e8c6f0ff-eaf9079e-22a39d75 [none]
[debug] [2026-04-29T08:12:33.527Z] <<< [apiv2][status] GET https://cloudfunctions.googleapis.com/v2/projects/bosstracker-9f91f/locations/us-central1/operations/operation-1777450350997-65094e8c6f0ff-eaf9079e-22a39d75 200
[debug] [2026-04-29T08:12:33.527Z] <<< [apiv2][body] GET https://cloudfunctions.googleapis.com/v2/projects/bosstracker-9f91f/locations/us-central1/operations/operation-1777450350997-65094e8c6f0ff-eaf9079e-22a39d75 {"name":"projects/bosstracker-9f91f/locations/us-central1/operations/operation-1777450350997-65094e8c6f0ff-eaf9079e-22a39d75","metadata":{"@type":"type.googleapis.com/google.cloud.functions.v2.OperationMetadata","createTime":"2026-04-29T08:12:32.348158089Z","target":"projects/bosstracker-9f91f/locations/us-central1/functions/createInvite","verb":"create","cancelRequested":false,"apiVersion":"v2","requestResource":{"@type":"type.googleapis.com/google.cloud.functions.v2.Function","name":"projects/bosstracker-9f91f/locations/us-central1/functions/createInvite","buildConfig":{"runtime":"nodejs20","entryPoint":"createInvite","source":{"storageSource":{"bucket":"gcf-v2-sources-551025639019-us-central1","object":"createInvite/function-source.zip","generation":"1777450351964527"}},"environmentVariables":{"GOOGLE_NODE_RUN_SCRIPTS":""},"serviceAccount":"projects/bosstracker-9f91f/serviceAccounts/551025639019-compute@developer.gserviceaccount.com","automaticUpdatePolicy":{}},"serviceConfig":{"service":"projects/bosstracker-9f91f/locations/us-central1/services/createinvite","timeoutSeconds":60,"environmentVariables":{"FIREBASE_CONFIG":"{\"projectId\":\"bosstracker-9f91f\",\"storageBucket\":\"bosstracker-9f91f.firebasestorage.app\"}","GCLOUD_PROJECT":"bosstracker-9f91f","EVENTARC_CLOUD_EVENT_SOURCE":"projects/bosstracker-9f91f/locations/us-central1/services/createInvite","FUNCTION_TARGET":"createInvite","LOG_EXECUTION_ID":"true"},"ingressSettings":"ALLOW_ALL","serviceAccountEmail":"551025639019-compute@developer.gserviceaccount.com","availableMemory":"256Mi","maxInstanceRequestConcurrency":80,"availableCpu":"1"},"labels":{"deployment-tool":"cli-firebase","deployment-callable":"true","firebase-functions-hash":"8b2fd95938456000be1dc389f4c108f5eb1acb3f"},"environment":"GEN_2"},"stages":[{"name":"BUILD","state":"NOT_STARTED","stateMessages":[{"severity":"WARNING","type":"BuildAnalysisWarning","message":"Node.js 20 is no longer supported by the Node.js community as of 30 April, 2026. Node.js 20 will be deprecated on 2026-04-30. We recommend you to upgrade to the latest version of Node.js as soon as possible."}]},{"name":"SERVICE","state":"NOT_STARTED"}],"operationType":"CREATE_FUNCTION"},"done":false}
[debug] [2026-04-29T08:12:34.528Z] [create-default-us-central1-createInvite] Retrying task index 0
[debug] [2026-04-29T08:12:34.528Z] Checked if tokens are valid: true, expires at: 1777453430618
[debug] [2026-04-29T08:12:34.528Z] Checked if tokens are valid: true, expires at: 1777453430618
[debug] [2026-04-29T08:12:34.528Z] >>> [apiv2][query] GET https://cloudfunctions.googleapis.com/v2/projects/bosstracker-9f91f/locations/us-central1/operations/operation-1777450350997-65094e8c6f0ff-eaf9079e-22a39d75 [none]
[debug] [2026-04-29T08:12:34.886Z] <<< [apiv2][status] GET https://cloudfunctions.googleapis.com/v2/projects/bosstracker-9f91f/locations/us-central1/operations/operation-1777450350997-65094e8c6f0ff-eaf9079e-22a39d75 200
[debug] [2026-04-29T08:12:34.886Z] <<< [apiv2][body] GET https://cloudfunctions.googleapis.com/v2/projects/bosstracker-9f91f/locations/us-central1/operations/operation-1777450350997-65094e8c6f0ff-eaf9079e-22a39d75 {"name":"projects/bosstracker-9f91f/locations/us-central1/operations/operation-1777450350997-65094e8c6f0ff-eaf9079e-22a39d75","metadata":{"@type":"type.googleapis.com/google.cloud.functions.v2.OperationMetadata","createTime":"2026-04-29T08:12:32.348158089Z","target":"projects/bosstracker-9f91f/locations/us-central1/functions/createInvite","verb":"create","cancelRequested":false,"apiVersion":"v2","requestResource":{"@type":"type.googleapis.com/google.cloud.functions.v2.Function","name":"projects/bosstracker-9f91f/locations/us-central1/functions/createInvite","buildConfig":{"runtime":"nodejs20","entryPoint":"createInvite","source":{"storageSource":{"bucket":"gcf-v2-sources-551025639019-us-central1","object":"createInvite/function-source.zip","generation":"1777450351964527"}},"environmentVariables":{"GOOGLE_NODE_RUN_SCRIPTS":""},"serviceAccount":"projects/bosstracker-9f91f/serviceAccounts/551025639019-compute@developer.gserviceaccount.com","automaticUpdatePolicy":{}},"serviceConfig":{"service":"projects/bosstracker-9f91f/locations/us-central1/services/createinvite","timeoutSeconds":60,"environmentVariables":{"FIREBASE_CONFIG":"{\"projectId\":\"bosstracker-9f91f\",\"storageBucket\":\"bosstracker-9f91f.firebasestorage.app\"}","GCLOUD_PROJECT":"bosstracker-9f91f","EVENTARC_CLOUD_EVENT_SOURCE":"projects/bosstracker-9f91f/locations/us-central1/services/createInvite","FUNCTION_TARGET":"createInvite","LOG_EXECUTION_ID":"true"},"ingressSettings":"ALLOW_ALL","serviceAccountEmail":"551025639019-compute@developer.gserviceaccount.com","availableMemory":"256Mi","maxInstanceRequestConcurrency":80,"availableCpu":"1"},"labels":{"deployment-tool":"cli-firebase","deployment-callable":"true","firebase-functions-hash":"8b2fd95938456000be1dc389f4c108f5eb1acb3f"},"environment":"GEN_2"},"stages":[{"name":"BUILD","state":"NOT_STARTED","stateMessages":[{"severity":"WARNING","type":"BuildAnalysisWarning","message":"Node.js 20 is no longer supported by the Node.js community as of 30 April, 2026. Node.js 20 will be deprecated on 2026-04-30. We recommend you to upgrade to the latest version of Node.js as soon as possible."}]},{"name":"SERVICE","state":"NOT_STARTED"}],"operationType":"CREATE_FUNCTION"},"done":false}
[debug] [2026-04-29T08:12:36.897Z] [create-default-us-central1-createInvite] Retrying task index 0
[debug] [2026-04-29T08:12:36.897Z] Checked if tokens are valid: true, expires at: 1777453430618
[debug] [2026-04-29T08:12:36.897Z] Checked if tokens are valid: true, expires at: 1777453430618
[debug] [2026-04-29T08:12:36.897Z] >>> [apiv2][query] GET https://cloudfunctions.googleapis.com/v2/projects/bosstracker-9f91f/locations/us-central1/operations/operation-1777450350997-65094e8c6f0ff-eaf9079e-22a39d75 [none]
[debug] [2026-04-29T08:12:37.249Z] <<< [apiv2][status] GET https://cloudfunctions.googleapis.com/v2/projects/bosstracker-9f91f/locations/us-central1/operations/operation-1777450350997-65094e8c6f0ff-eaf9079e-22a39d75 200
[debug] [2026-04-29T08:12:37.249Z] <<< [apiv2][body] GET https://cloudfunctions.googleapis.com/v2/projects/bosstracker-9f91f/locations/us-central1/operations/operation-1777450350997-65094e8c6f0ff-eaf9079e-22a39d75 {"name":"projects/bosstracker-9f91f/locations/us-central1/operations/operation-1777450350997-65094e8c6f0ff-eaf9079e-22a39d75","metadata":{"@type":"type.googleapis.com/google.cloud.functions.v2.OperationMetadata","createTime":"2026-04-29T08:12:32.348158089Z","target":"projects/bosstracker-9f91f/locations/us-central1/functions/createInvite","verb":"create","cancelRequested":false,"apiVersion":"v2","requestResource":{"@type":"type.googleapis.com/google.cloud.functions.v2.Function","name":"projects/bosstracker-9f91f/locations/us-central1/functions/createInvite","buildConfig":{"runtime":"nodejs20","entryPoint":"createInvite","source":{"storageSource":{"bucket":"gcf-v2-sources-551025639019-us-central1","object":"createInvite/function-source.zip","generation":"1777450351964527"}},"environmentVariables":{"GOOGLE_NODE_RUN_SCRIPTS":""},"serviceAccount":"projects/bosstracker-9f91f/serviceAccounts/551025639019-compute@developer.gserviceaccount.com","automaticUpdatePolicy":{}},"serviceConfig":{"service":"projects/bosstracker-9f91f/locations/us-central1/services/createinvite","timeoutSeconds":60,"environmentVariables":{"FIREBASE_CONFIG":"{\"projectId\":\"bosstracker-9f91f\",\"storageBucket\":\"bosstracker-9f91f.firebasestorage.app\"}","GCLOUD_PROJECT":"bosstracker-9f91f","EVENTARC_CLOUD_EVENT_SOURCE":"projects/bosstracker-9f91f/locations/us-central1/services/createInvite","FUNCTION_TARGET":"createInvite","LOG_EXECUTION_ID":"true"},"ingressSettings":"ALLOW_ALL","serviceAccountEmail":"551025639019-compute@developer.gserviceaccount.com","availableMemory":"256Mi","maxInstanceRequestConcurrency":80,"availableCpu":"1"},"labels":{"deployment-tool":"cli-firebase","deployment-callable":"true","firebase-functions-hash":"8b2fd95938456000be1dc389f4c108f5eb1acb3f"},"environment":"GEN_2"},"stages":[{"name":"BUILD","state":"NOT_STARTED","stateMessages":[{"severity":"WARNING","type":"BuildAnalysisWarning","message":"Node.js 20 is no longer supported by the Node.js community as of 30 April, 2026. Node.js 20 will be deprecated on 2026-04-30. We recommend you to upgrade to the latest version of Node.js as soon as possible."}]},{"name":"SERVICE","state":"NOT_STARTED"}],"operationType":"CREATE_FUNCTION"},"done":false}
[debug] [2026-04-29T08:12:41.252Z] [create-default-us-central1-createInvite] Retrying task index 0
[debug] [2026-04-29T08:12:41.253Z] Checked if tokens are valid: true, expires at: 1777453430618
[debug] [2026-04-29T08:12:41.253Z] Checked if tokens are valid: true, expires at: 1777453430618
[debug] [2026-04-29T08:12:41.253Z] >>> [apiv2][query] GET https://cloudfunctions.googleapis.com/v2/projects/bosstracker-9f91f/locations/us-central1/operations/operation-1777450350997-65094e8c6f0ff-eaf9079e-22a39d75 [none]
[debug] [2026-04-29T08:12:41.387Z] <<< [apiv2][status] GET https://cloudfunctions.googleapis.com/v2/projects/bosstracker-9f91f/locations/us-central1/operations/operation-1777450350997-65094e8c6f0ff-eaf9079e-22a39d75 200
[debug] [2026-04-29T08:12:41.387Z] <<< [apiv2][body] GET https://cloudfunctions.googleapis.com/v2/projects/bosstracker-9f91f/locations/us-central1/operations/operation-1777450350997-65094e8c6f0ff-eaf9079e-22a39d75 {"name":"projects/bosstracker-9f91f/locations/us-central1/operations/operation-1777450350997-65094e8c6f0ff-eaf9079e-22a39d75","metadata":{"@type":"type.googleapis.com/google.cloud.functions.v2.OperationMetadata","createTime":"2026-04-29T08:12:32.348158089Z","target":"projects/bosstracker-9f91f/locations/us-central1/functions/createInvite","verb":"create","cancelRequested":false,"apiVersion":"v2","requestResource":{"@type":"type.googleapis.com/google.cloud.functions.v2.Function","name":"projects/bosstracker-9f91f/locations/us-central1/functions/createInvite","buildConfig":{"runtime":"nodejs20","entryPoint":"createInvite","source":{"storageSource":{"bucket":"gcf-v2-sources-551025639019-us-central1","object":"createInvite/function-source.zip","generation":"1777450351964527"}},"environmentVariables":{"GOOGLE_NODE_RUN_SCRIPTS":""},"serviceAccount":"projects/bosstracker-9f91f/serviceAccounts/551025639019-compute@developer.gserviceaccount.com","automaticUpdatePolicy":{}},"serviceConfig":{"service":"projects/bosstracker-9f91f/locations/us-central1/services/createinvite","timeoutSeconds":60,"environmentVariables":{"FIREBASE_CONFIG":"{\"projectId\":\"bosstracker-9f91f\",\"storageBucket\":\"bosstracker-9f91f.firebasestorage.app\"}","GCLOUD_PROJECT":"bosstracker-9f91f","EVENTARC_CLOUD_EVENT_SOURCE":"projects/bosstracker-9f91f/locations/us-central1/services/createInvite","FUNCTION_TARGET":"createInvite","LOG_EXECUTION_ID":"true"},"ingressSettings":"ALLOW_ALL","serviceAccountEmail":"551025639019-compute@developer.gserviceaccount.com","availableMemory":"256Mi","maxInstanceRequestConcurrency":80,"availableCpu":"1"},"labels":{"deployment-tool":"cli-firebase","deployment-callable":"true","firebase-functions-hash":"8b2fd95938456000be1dc389f4c108f5eb1acb3f"},"environment":"GEN_2"},"stages":[{"name":"BUILD","state":"NOT_STARTED","stateMessages":[{"severity":"WARNING","type":"BuildAnalysisWarning","message":"Node.js 20 is no longer supported by the Node.js community as of 30 April, 2026. Node.js 20 will be deprecated on 2026-04-30. We recommend you to upgrade to the latest version of Node.js as soon as possible."}]},{"name":"SERVICE","state":"NOT_STARTED"}],"operationType":"CREATE_FUNCTION"},"done":false}
[debug] [2026-04-29T08:12:49.392Z] [create-default-us-central1-createInvite] Retrying task index 0
[debug] [2026-04-29T08:12:49.393Z] Checked if tokens are valid: true, expires at: 1777453430618
[debug] [2026-04-29T08:12:49.393Z] Checked if tokens are valid: true, expires at: 1777453430618
[debug] [2026-04-29T08:12:49.393Z] >>> [apiv2][query] GET https://cloudfunctions.googleapis.com/v2/projects/bosstracker-9f91f/locations/us-central1/operations/operation-1777450350997-65094e8c6f0ff-eaf9079e-22a39d75 [none]
[debug] [2026-04-29T08:12:49.822Z] <<< [apiv2][status] GET https://cloudfunctions.googleapis.com/v2/projects/bosstracker-9f91f/locations/us-central1/operations/operation-1777450350997-65094e8c6f0ff-eaf9079e-22a39d75 200
[debug] [2026-04-29T08:12:49.822Z] <<< [apiv2][body] GET https://cloudfunctions.googleapis.com/v2/projects/bosstracker-9f91f/locations/us-central1/operations/operation-1777450350997-65094e8c6f0ff-eaf9079e-22a39d75 {"name":"projects/bosstracker-9f91f/locations/us-central1/operations/operation-1777450350997-65094e8c6f0ff-eaf9079e-22a39d75","metadata":{"@type":"type.googleapis.com/google.cloud.functions.v2.OperationMetadata","createTime":"2026-04-29T08:12:32.348158089Z","target":"projects/bosstracker-9f91f/locations/us-central1/functions/createInvite","verb":"create","cancelRequested":false,"apiVersion":"v2","requestResource":{"@type":"type.googleapis.com/google.cloud.functions.v2.Function","name":"projects/bosstracker-9f91f/locations/us-central1/functions/createInvite","buildConfig":{"runtime":"nodejs20","entryPoint":"createInvite","source":{"storageSource":{"bucket":"gcf-v2-sources-551025639019-us-central1","object":"createInvite/function-source.zip","generation":"1777450351964527"}},"environmentVariables":{"GOOGLE_NODE_RUN_SCRIPTS":""},"serviceAccount":"projects/bosstracker-9f91f/serviceAccounts/551025639019-compute@developer.gserviceaccount.com","automaticUpdatePolicy":{}},"serviceConfig":{"service":"projects/bosstracker-9f91f/locations/us-central1/services/createinvite","timeoutSeconds":60,"environmentVariables":{"FIREBASE_CONFIG":"{\"projectId\":\"bosstracker-9f91f\",\"storageBucket\":\"bosstracker-9f91f.firebasestorage.app\"}","GCLOUD_PROJECT":"bosstracker-9f91f","EVENTARC_CLOUD_EVENT_SOURCE":"projects/bosstracker-9f91f/locations/us-central1/services/createInvite","FUNCTION_TARGET":"createInvite","LOG_EXECUTION_ID":"true"},"ingressSettings":"ALLOW_ALL","serviceAccountEmail":"551025639019-compute@developer.gserviceaccount.com","availableMemory":"256Mi","maxInstanceRequestConcurrency":80,"availableCpu":"1"},"labels":{"deployment-tool":"cli-firebase","deployment-callable":"true","firebase-functions-hash":"8b2fd95938456000be1dc389f4c108f5eb1acb3f"},"environment":"GEN_2"},"stages":[{"name":"BUILD","message":"Build in progress","state":"IN_PROGRESS","resource":"projects/551025639019/locations/us-central1/builds/f2ba9587-ae43-45de-b09c-f0eda1527df5","resourceUri":"https://console.cloud.google.com/cloud-build/builds;region=us-central1/f2ba9587-ae43-45de-b09c-f0eda1527df5?project=551025639019"},{"name":"SERVICE","state":"NOT_STARTED"}],"operationType":"CREATE_FUNCTION","buildName":"projects/551025639019/locations/us-central1/builds/f2ba9587-ae43-45de-b09c-f0eda1527df5"},"done":false}
[debug] [2026-04-29T08:12:59.831Z] [create-default-us-central1-createInvite] Retrying task index 0
[debug] [2026-04-29T08:12:59.831Z] Checked if tokens are valid: true, expires at: 1777453430618
[debug] [2026-04-29T08:12:59.831Z] Checked if tokens are valid: true, expires at: 1777453430618
[debug] [2026-04-29T08:12:59.831Z] >>> [apiv2][query] GET https://cloudfunctions.googleapis.com/v2/projects/bosstracker-9f91f/locations/us-central1/operations/operation-1777450350997-65094e8c6f0ff-eaf9079e-22a39d75 [none]
[debug] [2026-04-29T08:13:00.242Z] <<< [apiv2][status] GET https://cloudfunctions.googleapis.com/v2/projects/bosstracker-9f91f/locations/us-central1/operations/operation-1777450350997-65094e8c6f0ff-eaf9079e-22a39d75 200
[debug] [2026-04-29T08:13:00.242Z] <<< [apiv2][body] GET https://cloudfunctions.googleapis.com/v2/projects/bosstracker-9f91f/locations/us-central1/operations/operation-1777450350997-65094e8c6f0ff-eaf9079e-22a39d75 {"name":"projects/bosstracker-9f91f/locations/us-central1/operations/operation-1777450350997-65094e8c6f0ff-eaf9079e-22a39d75","metadata":{"@type":"type.googleapis.com/google.cloud.functions.v2.OperationMetadata","createTime":"2026-04-29T08:12:32.348158089Z","target":"projects/bosstracker-9f91f/locations/us-central1/functions/createInvite","verb":"create","cancelRequested":false,"apiVersion":"v2","requestResource":{"@type":"type.googleapis.com/google.cloud.functions.v2.Function","name":"projects/bosstracker-9f91f/locations/us-central1/functions/createInvite","buildConfig":{"runtime":"nodejs20","entryPoint":"createInvite","source":{"storageSource":{"bucket":"gcf-v2-sources-551025639019-us-central1","object":"createInvite/function-source.zip","generation":"1777450351964527"}},"environmentVariables":{"GOOGLE_NODE_RUN_SCRIPTS":""},"serviceAccount":"projects/bosstracker-9f91f/serviceAccounts/551025639019-compute@developer.gserviceaccount.com","automaticUpdatePolicy":{}},"serviceConfig":{"service":"projects/bosstracker-9f91f/locations/us-central1/services/createinvite","timeoutSeconds":60,"environmentVariables":{"FIREBASE_CONFIG":"{\"projectId\":\"bosstracker-9f91f\",\"storageBucket\":\"bosstracker-9f91f.firebasestorage.app\"}","GCLOUD_PROJECT":"bosstracker-9f91f","EVENTARC_CLOUD_EVENT_SOURCE":"projects/bosstracker-9f91f/locations/us-central1/services/createInvite","FUNCTION_TARGET":"createInvite","LOG_EXECUTION_ID":"true"},"ingressSettings":"ALLOW_ALL","serviceAccountEmail":"551025639019-compute@developer.gserviceaccount.com","availableMemory":"256Mi","maxInstanceRequestConcurrency":80,"availableCpu":"1"},"labels":{"deployment-tool":"cli-firebase","deployment-callable":"true","firebase-functions-hash":"8b2fd95938456000be1dc389f4c108f5eb1acb3f"},"environment":"GEN_2"},"stages":[{"name":"BUILD","message":"Build in progress","state":"IN_PROGRESS","resource":"projects/551025639019/locations/us-central1/builds/f2ba9587-ae43-45de-b09c-f0eda1527df5","resourceUri":"https://console.cloud.google.com/cloud-build/builds;region=us-central1/f2ba9587-ae43-45de-b09c-f0eda1527df5?project=551025639019"},{"name":"SERVICE","state":"NOT_STARTED"}],"operationType":"CREATE_FUNCTION","buildName":"projects/551025639019/locations/us-central1/builds/f2ba9587-ae43-45de-b09c-f0eda1527df5"},"done":false}
[debug] [2026-04-29T08:13:10.254Z] [create-default-us-central1-createInvite] Retrying task index 0
[debug] [2026-04-29T08:13:10.255Z] Checked if tokens are valid: true, expires at: 1777453430618
[debug] [2026-04-29T08:13:10.255Z] Checked if tokens are valid: true, expires at: 1777453430618
[debug] [2026-04-29T08:13:10.255Z] >>> [apiv2][query] GET https://cloudfunctions.googleapis.com/v2/projects/bosstracker-9f91f/locations/us-central1/operations/operation-1777450350997-65094e8c6f0ff-eaf9079e-22a39d75 [none]
[debug] [2026-04-29T08:13:10.478Z] <<< [apiv2][status] GET https://cloudfunctions.googleapis.com/v2/projects/bosstracker-9f91f/locations/us-central1/operations/operation-1777450350997-65094e8c6f0ff-eaf9079e-22a39d75 200
[debug] [2026-04-29T08:13:10.478Z] <<< [apiv2][body] GET https://cloudfunctions.googleapis.com/v2/projects/bosstracker-9f91f/locations/us-central1/operations/operation-1777450350997-65094e8c6f0ff-eaf9079e-22a39d75 {"name":"projects/bosstracker-9f91f/locations/us-central1/operations/operation-1777450350997-65094e8c6f0ff-eaf9079e-22a39d75","metadata":{"@type":"type.googleapis.com/google.cloud.functions.v2.OperationMetadata","createTime":"2026-04-29T08:12:32.348158089Z","target":"projects/bosstracker-9f91f/locations/us-central1/functions/createInvite","verb":"create","cancelRequested":false,"apiVersion":"v2","requestResource":{"@type":"type.googleapis.com/google.cloud.functions.v2.Function","name":"projects/bosstracker-9f91f/locations/us-central1/functions/createInvite","buildConfig":{"runtime":"nodejs20","entryPoint":"createInvite","source":{"storageSource":{"bucket":"gcf-v2-sources-551025639019-us-central1","object":"createInvite/function-source.zip","generation":"1777450351964527"}},"environmentVariables":{"GOOGLE_NODE_RUN_SCRIPTS":""},"serviceAccount":"projects/bosstracker-9f91f/serviceAccounts/551025639019-compute@developer.gserviceaccount.com","automaticUpdatePolicy":{}},"serviceConfig":{"service":"projects/bosstracker-9f91f/locations/us-central1/services/createinvite","timeoutSeconds":60,"environmentVariables":{"FIREBASE_CONFIG":"{\"projectId\":\"bosstracker-9f91f\",\"storageBucket\":\"bosstracker-9f91f.firebasestorage.app\"}","GCLOUD_PROJECT":"bosstracker-9f91f","EVENTARC_CLOUD_EVENT_SOURCE":"projects/bosstracker-9f91f/locations/us-central1/services/createInvite","FUNCTION_TARGET":"createInvite","LOG_EXECUTION_ID":"true"},"ingressSettings":"ALLOW_ALL","serviceAccountEmail":"551025639019-compute@developer.gserviceaccount.com","availableMemory":"256Mi","maxInstanceRequestConcurrency":80,"availableCpu":"1"},"labels":{"deployment-tool":"cli-firebase","deployment-callable":"true","firebase-functions-hash":"8b2fd95938456000be1dc389f4c108f5eb1acb3f"},"environment":"GEN_2"},"stages":[{"name":"BUILD","message":"Build in progress","state":"IN_PROGRESS","resource":"projects/551025639019/locations/us-central1/builds/f2ba9587-ae43-45de-b09c-f0eda1527df5","resourceUri":"https://console.cloud.google.com/cloud-build/builds;region=us-central1/f2ba9587-ae43-45de-b09c-f0eda1527df5?project=551025639019"},{"name":"SERVICE","state":"NOT_STARTED"}],"operationType":"CREATE_FUNCTION","buildName":"projects/551025639019/locations/us-central1/builds/f2ba9587-ae43-45de-b09c-f0eda1527df5"},"done":false}
[debug] [2026-04-29T08:13:20.485Z] [create-default-us-central1-createInvite] Retrying task index 0
[debug] [2026-04-29T08:13:20.485Z] Checked if tokens are valid: true, expires at: 1777453430618
[debug] [2026-04-29T08:13:20.485Z] Checked if tokens are valid: true, expires at: 1777453430618
[debug] [2026-04-29T08:13:20.485Z] >>> [apiv2][query] GET https://cloudfunctions.googleapis.com/v2/projects/bosstracker-9f91f/locations/us-central1/operations/operation-1777450350997-65094e8c6f0ff-eaf9079e-22a39d75 [none]
[debug] [2026-04-29T08:13:20.929Z] <<< [apiv2][status] GET https://cloudfunctions.googleapis.com/v2/projects/bosstracker-9f91f/locations/us-central1/operations/operation-1777450350997-65094e8c6f0ff-eaf9079e-22a39d75 200
[debug] [2026-04-29T08:13:20.929Z] <<< [apiv2][body] GET https://cloudfunctions.googleapis.com/v2/projects/bosstracker-9f91f/locations/us-central1/operations/operation-1777450350997-65094e8c6f0ff-eaf9079e-22a39d75 {"name":"projects/bosstracker-9f91f/locations/us-central1/operations/operation-1777450350997-65094e8c6f0ff-eaf9079e-22a39d75","metadata":{"@type":"type.googleapis.com/google.cloud.functions.v2.OperationMetadata","createTime":"2026-04-29T08:12:32.348158089Z","endTime":"2026-04-29T08:13:17.078513796Z","target":"projects/bosstracker-9f91f/locations/us-central1/functions/createInvite","verb":"create","cancelRequested":false,"apiVersion":"v2","requestResource":{"@type":"type.googleapis.com/google.cloud.functions.v2.Function","name":"projects/bosstracker-9f91f/locations/us-central1/functions/createInvite","buildConfig":{"runtime":"nodejs20","entryPoint":"createInvite","source":{"storageSource":{"bucket":"gcf-v2-sources-551025639019-us-central1","object":"createInvite/function-source.zip","generation":"1777450351964527"}},"environmentVariables":{"GOOGLE_NODE_RUN_SCRIPTS":""},"serviceAccount":"projects/bosstracker-9f91f/serviceAccounts/551025639019-compute@developer.gserviceaccount.com","automaticUpdatePolicy":{}},"serviceConfig":{"service":"projects/bosstracker-9f91f/locations/us-central1/services/createinvite","timeoutSeconds":60,"environmentVariables":{"FIREBASE_CONFIG":"{\"projectId\":\"bosstracker-9f91f\",\"storageBucket\":\"bosstracker-9f91f.firebasestorage.app\"}","GCLOUD_PROJECT":"bosstracker-9f91f","EVENTARC_CLOUD_EVENT_SOURCE":"projects/bosstracker-9f91f/locations/us-central1/services/createInvite","FUNCTION_TARGET":"createInvite","LOG_EXECUTION_ID":"true"},"ingressSettings":"ALLOW_ALL","serviceAccountEmail":"551025639019-compute@developer.gserviceaccount.com","availableMemory":"256Mi","maxInstanceRequestConcurrency":80,"availableCpu":"1"},"labels":{"deployment-tool":"cli-firebase","deployment-callable":"true","firebase-functions-hash":"8b2fd95938456000be1dc389f4c108f5eb1acb3f"},"environment":"GEN_2"},"stages":[{"name":"ARTIFACT_REGISTRY","message":"Deleting function artifacts in Artifact Registry","state":"COMPLETE"},{"name":"SERVICE","message":"Deleting Cloud Run service","state":"COMPLETE","resource":"projects/bosstracker-9f91f/locations/us-central1/services/createinvite"}],"operationType":"CREATE_FUNCTION"},"done":true,"error":{"code":3,"message":"Build failed with status: FAILURE. Could not build the function due to a missing permission on the build service account. If you didn't revoke that permission explicitly, this could be caused by a change in the organization policies. Please refer to the following documentation for more details and resolution: https://cloud.google.com/functions/docs/troubleshooting#build-service-account\n You can also view the logs at https://console.cloud.google.com/cloud-build/builds;region=us-central1/f2ba9587-ae43-45de-b09c-f0eda1527df5?project=551025639019.\n"}}
[debug] [2026-04-29T08:13:20.929Z] Got source token undefined for region us-central1
[debug] [2026-04-29T08:13:20.930Z] Checked if tokens are valid: true, expires at: 1777453430618
[debug] [2026-04-29T08:13:20.930Z] Checked if tokens are valid: true, expires at: 1777453430618
[debug] [2026-04-29T08:13:20.930Z] Checked if tokens are valid: true, expires at: 1777453430618
[debug] [2026-04-29T08:13:20.930Z] Checked if tokens are valid: true, expires at: 1777453430618
[debug] [2026-04-29T08:13:20.930Z] Checked if tokens are valid: true, expires at: 1777453430618
[debug] [2026-04-29T08:13:20.930Z] Checked if tokens are valid: true, expires at: 1777453430618
[debug] [2026-04-29T08:13:20.930Z] >>> [apiv2][query] POST https://cloudfunctions.googleapis.com/v2/projects/bosstracker-9f91f/locations/us-central1/functions functionId=joinGuildWithInvite
[debug] [2026-04-29T08:13:20.930Z] >>> [apiv2][body] POST https://cloudfunctions.googleapis.com/v2/projects/bosstracker-9f91f/locations/us-central1/functions {"name":"projects/bosstracker-9f91f/locations/us-central1/functions/joinGuildWithInvite","buildConfig":{"runtime":"nodejs20","entryPoint":"joinGuildWithInvite","source":{"storageSource":{"bucket":"gcf-v2-uploads-551025639019.us-central1.cloudfunctions.appspot.com","object":"83047d74-dfd6-44f9-9bc8-dc9cda19966c.zip"}},"environmentVariables":{"GOOGLE_NODE_RUN_SCRIPTS":""}},"serviceConfig":{"environmentVariables":{"FIREBASE_CONFIG":"{\"projectId\":\"bosstracker-9f91f\",\"storageBucket\":\"bosstracker-9f91f.firebasestorage.app\"}","GCLOUD_PROJECT":"bosstracker-9f91f","EVENTARC_CLOUD_EVENT_SOURCE":"projects/bosstracker-9f91f/locations/us-central1/services/joinGuildWithInvite","FUNCTION_TARGET":"joinGuildWithInvite","LOG_EXECUTION_ID":"true"},"ingressSettings":null,"timeoutSeconds":null,"serviceAccountEmail":null,"availableMemory":"256Mi","minInstanceCount":null,"maxInstanceCount":null,"maxInstanceRequestConcurrency":80,"availableCpu":"1","vpcConnector":null,"vpcConnectorEgressSettings":null,"directVpcNetworkInterface":null,"directVpcEgress":null},"labels":{"deployment-tool":"cli-firebase","deployment-callable":"true","firebase-functions-hash":"8b2fd95938456000be1dc389f4c108f5eb1acb3f"}}
[debug] [2026-04-29T08:13:20.930Z] >>> [apiv2][query] POST https://cloudfunctions.googleapis.com/v2/projects/bosstracker-9f91f/locations/us-central1/functions functionId=registerBossDeath
[debug] [2026-04-29T08:13:20.930Z] >>> [apiv2][body] POST https://cloudfunctions.googleapis.com/v2/projects/bosstracker-9f91f/locations/us-central1/functions {"name":"projects/bosstracker-9f91f/locations/us-central1/functions/registerBossDeath","buildConfig":{"runtime":"nodejs20","entryPoint":"registerBossDeath","source":{"storageSource":{"bucket":"gcf-v2-uploads-551025639019.us-central1.cloudfunctions.appspot.com","object":"83047d74-dfd6-44f9-9bc8-dc9cda19966c.zip"}},"environmentVariables":{"GOOGLE_NODE_RUN_SCRIPTS":""}},"serviceConfig":{"environmentVariables":{"FIREBASE_CONFIG":"{\"projectId\":\"bosstracker-9f91f\",\"storageBucket\":\"bosstracker-9f91f.firebasestorage.app\"}","GCLOUD_PROJECT":"bosstracker-9f91f","EVENTARC_CLOUD_EVENT_SOURCE":"projects/bosstracker-9f91f/locations/us-central1/services/registerBossDeath","FUNCTION_TARGET":"registerBossDeath","LOG_EXECUTION_ID":"true"},"ingressSettings":null,"timeoutSeconds":null,"serviceAccountEmail":null,"availableMemory":"256Mi","minInstanceCount":null,"maxInstanceCount":null,"maxInstanceRequestConcurrency":80,"availableCpu":"1","vpcConnector":null,"vpcConnectorEgressSettings":null,"directVpcNetworkInterface":null,"directVpcEgress":null},"labels":{"deployment-tool":"cli-firebase","deployment-callable":"true","firebase-functions-hash":"8b2fd95938456000be1dc389f4c108f5eb1acb3f"}}
[debug] [2026-04-29T08:13:20.931Z] >>> [apiv2][query] POST https://cloudfunctions.googleapis.com/v2/projects/bosstracker-9f91f/locations/us-central1/functions functionId=sendDueNotifications
[debug] [2026-04-29T08:13:20.931Z] >>> [apiv2][body] POST https://cloudfunctions.googleapis.com/v2/projects/bosstracker-9f91f/locations/us-central1/functions {"name":"projects/bosstracker-9f91f/locations/us-central1/functions/sendDueNotifications","buildConfig":{"runtime":"nodejs20","entryPoint":"sendDueNotifications","source":{"storageSource":{"bucket":"gcf-v2-uploads-551025639019.us-central1.cloudfunctions.appspot.com","object":"83047d74-dfd6-44f9-9bc8-dc9cda19966c.zip"}},"environmentVariables":{"GOOGLE_NODE_RUN_SCRIPTS":""}},"serviceConfig":{"environmentVariables":{"FIREBASE_CONFIG":"{\"projectId\":\"bosstracker-9f91f\",\"storageBucket\":\"bosstracker-9f91f.firebasestorage.app\"}","GCLOUD_PROJECT":"bosstracker-9f91f","EVENTARC_CLOUD_EVENT_SOURCE":"projects/bosstracker-9f91f/locations/us-central1/services/sendDueNotifications","FUNCTION_TARGET":"sendDueNotifications","LOG_EXECUTION_ID":"true"},"ingressSettings":null,"timeoutSeconds":null,"serviceAccountEmail":null,"availableMemory":"256Mi","minInstanceCount":null,"maxInstanceCount":null,"maxInstanceRequestConcurrency":80,"availableCpu":"1","vpcConnector":null,"vpcConnectorEgressSettings":null,"directVpcNetworkInterface":null,"directVpcEgress":null},"labels":{"deployment-tool":"cli-firebase","deployment-scheduled":"true","firebase-functions-hash":"8b2fd95938456000be1dc389f4c108f5eb1acb3f"}}
[error] Build failed with status: FAILURE. Could not build the function due to a missing permission on the build service account. If you didn't revoke that permission explicitly, this could be caused by a change in the organization policies. Please refer to the following documentation for more details and resolution: https://cloud.google.com/functions/docs/troubleshooting#build-service-account
 You can also view the logs at https://console.cloud.google.com/cloud-build/builds;region=us-central1/f2ba9587-ae43-45de-b09c-f0eda1527df5?project=551025639019.

[debug] [2026-04-29T08:13:21.801Z] <<< [apiv2][status] POST https://cloudfunctions.googleapis.com/v2/projects/bosstracker-9f91f/locations/us-central1/functions 200
[debug] [2026-04-29T08:13:21.802Z] <<< [apiv2][body] POST https://cloudfunctions.googleapis.com/v2/projects/bosstracker-9f91f/locations/us-central1/functions {"name":"projects/bosstracker-9f91f/locations/us-central1/operations/operation-1777450401144-65094ebc41fed-3d008158-beacbe44","metadata":{"@type":"type.googleapis.com/google.cloud.functions.v2.OperationMetadata","createTime":"2026-04-29T08:13:21.640340639Z","target":"projects/bosstracker-9f91f/locations/us-central1/functions/joinGuildWithInvite","verb":"create","cancelRequested":false,"apiVersion":"v2"},"done":false}
[debug] [2026-04-29T08:13:21.802Z] Checked if tokens are valid: true, expires at: 1777453430618
[debug] [2026-04-29T08:13:21.802Z] Checked if tokens are valid: true, expires at: 1777453430618
[debug] [2026-04-29T08:13:21.802Z] >>> [apiv2][query] GET https://cloudfunctions.googleapis.com/v2/projects/bosstracker-9f91f/locations/us-central1/operations/operation-1777450401144-65094ebc41fed-3d008158-beacbe44 [none]
[debug] [2026-04-29T08:13:21.868Z] <<< [apiv2][status] POST https://cloudfunctions.googleapis.com/v2/projects/bosstracker-9f91f/locations/us-central1/functions 200
[debug] [2026-04-29T08:13:21.868Z] <<< [apiv2][body] POST https://cloudfunctions.googleapis.com/v2/projects/bosstracker-9f91f/locations/us-central1/functions {"name":"projects/bosstracker-9f91f/locations/us-central1/operations/operation-1777450401221-65094ebc54a1b-bc67d985-96b782ad","metadata":{"@type":"type.googleapis.com/google.cloud.functions.v2.OperationMetadata","createTime":"2026-04-29T08:13:21.708213189Z","target":"projects/bosstracker-9f91f/locations/us-central1/functions/registerBossDeath","verb":"create","cancelRequested":false,"apiVersion":"v2"},"done":false}
[debug] [2026-04-29T08:13:21.868Z] Checked if tokens are valid: true, expires at: 1777453430618
[debug] [2026-04-29T08:13:21.868Z] Checked if tokens are valid: true, expires at: 1777453430618
[debug] [2026-04-29T08:13:21.868Z] >>> [apiv2][query] GET https://cloudfunctions.googleapis.com/v2/projects/bosstracker-9f91f/locations/us-central1/operations/operation-1777450401221-65094ebc54a1b-bc67d985-96b782ad [none]
[debug] [2026-04-29T08:13:21.884Z] <<< [apiv2][status] POST https://cloudfunctions.googleapis.com/v2/projects/bosstracker-9f91f/locations/us-central1/functions 200
[debug] [2026-04-29T08:13:21.885Z] <<< [apiv2][body] POST https://cloudfunctions.googleapis.com/v2/projects/bosstracker-9f91f/locations/us-central1/functions {"name":"projects/bosstracker-9f91f/locations/us-central1/operations/operation-1777450401222-65094ebc550bd-f7ac06f1-2b9792af","metadata":{"@type":"type.googleapis.com/google.cloud.functions.v2.OperationMetadata","createTime":"2026-04-29T08:13:21.722753703Z","target":"projects/bosstracker-9f91f/locations/us-central1/functions/sendDueNotifications","verb":"create","cancelRequested":false,"apiVersion":"v2"},"done":false}
[debug] [2026-04-29T08:13:21.885Z] Checked if tokens are valid: true, expires at: 1777453430618
[debug] [2026-04-29T08:13:21.885Z] Checked if tokens are valid: true, expires at: 1777453430618
[debug] [2026-04-29T08:13:21.885Z] >>> [apiv2][query] GET https://cloudfunctions.googleapis.com/v2/projects/bosstracker-9f91f/locations/us-central1/operations/operation-1777450401222-65094ebc550bd-f7ac06f1-2b9792af [none]
[debug] [2026-04-29T08:13:21.923Z] <<< [apiv2][status] GET https://cloudfunctions.googleapis.com/v2/projects/bosstracker-9f91f/locations/us-central1/operations/operation-1777450401144-65094ebc41fed-3d008158-beacbe44 200
[debug] [2026-04-29T08:13:21.923Z] <<< [apiv2][body] GET https://cloudfunctions.googleapis.com/v2/projects/bosstracker-9f91f/locations/us-central1/operations/operation-1777450401144-65094ebc41fed-3d008158-beacbe44 {"name":"projects/bosstracker-9f91f/locations/us-central1/operations/operation-1777450401144-65094ebc41fed-3d008158-beacbe44","metadata":{"@type":"type.googleapis.com/google.cloud.functions.v2.OperationMetadata","createTime":"2026-04-29T08:13:21.640340639Z","target":"projects/bosstracker-9f91f/locations/us-central1/functions/joinGuildWithInvite","verb":"create","cancelRequested":false,"apiVersion":"v2"},"done":false}
[debug] [2026-04-29T08:13:21.996Z] <<< [apiv2][status] GET https://cloudfunctions.googleapis.com/v2/projects/bosstracker-9f91f/locations/us-central1/operations/operation-1777450401221-65094ebc54a1b-bc67d985-96b782ad 200
[debug] [2026-04-29T08:13:21.996Z] <<< [apiv2][body] GET https://cloudfunctions.googleapis.com/v2/projects/bosstracker-9f91f/locations/us-central1/operations/operation-1777450401221-65094ebc54a1b-bc67d985-96b782ad {"name":"projects/bosstracker-9f91f/locations/us-central1/operations/operation-1777450401221-65094ebc54a1b-bc67d985-96b782ad","metadata":{"@type":"type.googleapis.com/google.cloud.functions.v2.OperationMetadata","createTime":"2026-04-29T08:13:21.708213189Z","target":"projects/bosstracker-9f91f/locations/us-central1/functions/registerBossDeath","verb":"create","cancelRequested":false,"apiVersion":"v2"},"done":false}
[debug] [2026-04-29T08:13:22.233Z] <<< [apiv2][status] GET https://cloudfunctions.googleapis.com/v2/projects/bosstracker-9f91f/locations/us-central1/operations/operation-1777450401222-65094ebc550bd-f7ac06f1-2b9792af 200
[debug] [2026-04-29T08:13:22.233Z] <<< [apiv2][body] GET https://cloudfunctions.googleapis.com/v2/projects/bosstracker-9f91f/locations/us-central1/operations/operation-1777450401222-65094ebc550bd-f7ac06f1-2b9792af {"name":"projects/bosstracker-9f91f/locations/us-central1/operations/operation-1777450401222-65094ebc550bd-f7ac06f1-2b9792af","metadata":{"@type":"type.googleapis.com/google.cloud.functions.v2.OperationMetadata","createTime":"2026-04-29T08:13:21.722753703Z","target":"projects/bosstracker-9f91f/locations/us-central1/functions/sendDueNotifications","verb":"create","cancelRequested":false,"apiVersion":"v2","requestResource":{"@type":"type.googleapis.com/google.cloud.functions.v2.Function","name":"projects/bosstracker-9f91f/locations/us-central1/functions/sendDueNotifications","buildConfig":{"runtime":"nodejs20","entryPoint":"sendDueNotifications","source":{"storageSource":{"bucket":"gcf-v2-sources-551025639019-us-central1","object":"sendDueNotifications/function-source.zip","generation":"1777450401449505"}},"environmentVariables":{"GOOGLE_NODE_RUN_SCRIPTS":""},"serviceAccount":"projects/bosstracker-9f91f/serviceAccounts/551025639019-compute@developer.gserviceaccount.com","automaticUpdatePolicy":{}},"serviceConfig":{"service":"projects/bosstracker-9f91f/locations/us-central1/services/sendduenotifications","timeoutSeconds":60,"environmentVariables":{"FIREBASE_CONFIG":"{\"projectId\":\"bosstracker-9f91f\",\"storageBucket\":\"bosstracker-9f91f.firebasestorage.app\"}","GCLOUD_PROJECT":"bosstracker-9f91f","EVENTARC_CLOUD_EVENT_SOURCE":"projects/bosstracker-9f91f/locations/us-central1/services/sendDueNotifications","FUNCTION_TARGET":"sendDueNotifications","LOG_EXECUTION_ID":"true"},"ingressSettings":"ALLOW_ALL","serviceAccountEmail":"551025639019-compute@developer.gserviceaccount.com","availableMemory":"256Mi","maxInstanceRequestConcurrency":80,"availableCpu":"1"},"labels":{"deployment-tool":"cli-firebase","deployment-scheduled":"true","firebase-functions-hash":"8b2fd95938456000be1dc389f4c108f5eb1acb3f"},"environment":"GEN_2"},"stages":[{"name":"BUILD","state":"NOT_STARTED","stateMessages":[{"severity":"WARNING","type":"BuildAnalysisWarning","message":"Node.js 20 is no longer supported by the Node.js community as of 30 April, 2026. Node.js 20 will be deprecated on 2026-04-30. We recommend you to upgrade to the latest version of Node.js as soon as possible."}]},{"name":"SERVICE","state":"NOT_STARTED"}],"operationType":"CREATE_FUNCTION"},"done":false}
[debug] [2026-04-29T08:13:22.424Z] [create-default-us-central1-joinGuildWithInvite] Retrying task index 0
[debug] [2026-04-29T08:13:22.424Z] Checked if tokens are valid: true, expires at: 1777453430618
[debug] [2026-04-29T08:13:22.424Z] Checked if tokens are valid: true, expires at: 1777453430618
[debug] [2026-04-29T08:13:22.424Z] >>> [apiv2][query] GET https://cloudfunctions.googleapis.com/v2/projects/bosstracker-9f91f/locations/us-central1/operations/operation-1777450401144-65094ebc41fed-3d008158-beacbe44 [none]
[debug] [2026-04-29T08:13:22.502Z] [create-default-us-central1-registerBossDeath] Retrying task index 0
[debug] [2026-04-29T08:13:22.502Z] Checked if tokens are valid: true, expires at: 1777453430618
[debug] [2026-04-29T08:13:22.502Z] Checked if tokens are valid: true, expires at: 1777453430618
[debug] [2026-04-29T08:13:22.502Z] >>> [apiv2][query] GET https://cloudfunctions.googleapis.com/v2/projects/bosstracker-9f91f/locations/us-central1/operations/operation-1777450401221-65094ebc54a1b-bc67d985-96b782ad [none]
[debug] [2026-04-29T08:13:22.747Z] [create-default-us-central1-sendDueNotifications] Retrying task index 0
[debug] [2026-04-29T08:13:22.747Z] Checked if tokens are valid: true, expires at: 1777453430618
[debug] [2026-04-29T08:13:22.747Z] Checked if tokens are valid: true, expires at: 1777453430618
[debug] [2026-04-29T08:13:22.747Z] >>> [apiv2][query] GET https://cloudfunctions.googleapis.com/v2/projects/bosstracker-9f91f/locations/us-central1/operations/operation-1777450401222-65094ebc550bd-f7ac06f1-2b9792af [none]
[debug] [2026-04-29T08:13:22.767Z] <<< [apiv2][status] GET https://cloudfunctions.googleapis.com/v2/projects/bosstracker-9f91f/locations/us-central1/operations/operation-1777450401144-65094ebc41fed-3d008158-beacbe44 200
[debug] [2026-04-29T08:13:22.767Z] <<< [apiv2][body] GET https://cloudfunctions.googleapis.com/v2/projects/bosstracker-9f91f/locations/us-central1/operations/operation-1777450401144-65094ebc41fed-3d008158-beacbe44 {"name":"projects/bosstracker-9f91f/locations/us-central1/operations/operation-1777450401144-65094ebc41fed-3d008158-beacbe44","metadata":{"@type":"type.googleapis.com/google.cloud.functions.v2.OperationMetadata","createTime":"2026-04-29T08:13:21.640340639Z","target":"projects/bosstracker-9f91f/locations/us-central1/functions/joinGuildWithInvite","verb":"create","cancelRequested":false,"apiVersion":"v2","requestResource":{"@type":"type.googleapis.com/google.cloud.functions.v2.Function","name":"projects/bosstracker-9f91f/locations/us-central1/functions/joinGuildWithInvite","buildConfig":{"runtime":"nodejs20","entryPoint":"joinGuildWithInvite","source":{"storageSource":{"bucket":"gcf-v2-sources-551025639019-us-central1","object":"joinGuildWithInvite/function-source.zip","generation":"1777450401387484"}},"environmentVariables":{"GOOGLE_NODE_RUN_SCRIPTS":""},"serviceAccount":"projects/bosstracker-9f91f/serviceAccounts/551025639019-compute@developer.gserviceaccount.com","automaticUpdatePolicy":{}},"serviceConfig":{"service":"projects/bosstracker-9f91f/locations/us-central1/services/joinguildwithinvite","timeoutSeconds":60,"environmentVariables":{"FIREBASE_CONFIG":"{\"projectId\":\"bosstracker-9f91f\",\"storageBucket\":\"bosstracker-9f91f.firebasestorage.app\"}","GCLOUD_PROJECT":"bosstracker-9f91f","EVENTARC_CLOUD_EVENT_SOURCE":"projects/bosstracker-9f91f/locations/us-central1/services/joinGuildWithInvite","FUNCTION_TARGET":"joinGuildWithInvite","LOG_EXECUTION_ID":"true"},"ingressSettings":"ALLOW_ALL","serviceAccountEmail":"551025639019-compute@developer.gserviceaccount.com","availableMemory":"256Mi","maxInstanceRequestConcurrency":80,"availableCpu":"1"},"labels":{"deployment-tool":"cli-firebase","deployment-callable":"true","firebase-functions-hash":"8b2fd95938456000be1dc389f4c108f5eb1acb3f"},"environment":"GEN_2"},"stages":[{"name":"BUILD","message":"Build in progress","state":"IN_PROGRESS","resource":"projects/551025639019/locations/us-central1/builds/3c44402a-c77a-4c34-bde3-8869d200b824","resourceUri":"https://console.cloud.google.com/cloud-build/builds;region=us-central1/3c44402a-c77a-4c34-bde3-8869d200b824?project=551025639019"},{"name":"SERVICE","state":"NOT_STARTED"}],"operationType":"CREATE_FUNCTION","buildName":"projects/551025639019/locations/us-central1/builds/3c44402a-c77a-4c34-bde3-8869d200b824"},"done":false}
[debug] [2026-04-29T08:13:22.851Z] <<< [apiv2][status] GET https://cloudfunctions.googleapis.com/v2/projects/bosstracker-9f91f/locations/us-central1/operations/operation-1777450401221-65094ebc54a1b-bc67d985-96b782ad 200
[debug] [2026-04-29T08:13:22.851Z] <<< [apiv2][body] GET https://cloudfunctions.googleapis.com/v2/projects/bosstracker-9f91f/locations/us-central1/operations/operation-1777450401221-65094ebc54a1b-bc67d985-96b782ad {"name":"projects/bosstracker-9f91f/locations/us-central1/operations/operation-1777450401221-65094ebc54a1b-bc67d985-96b782ad","metadata":{"@type":"type.googleapis.com/google.cloud.functions.v2.OperationMetadata","createTime":"2026-04-29T08:13:21.708213189Z","target":"projects/bosstracker-9f91f/locations/us-central1/functions/registerBossDeath","verb":"create","cancelRequested":false,"apiVersion":"v2","requestResource":{"@type":"type.googleapis.com/google.cloud.functions.v2.Function","name":"projects/bosstracker-9f91f/locations/us-central1/functions/registerBossDeath","buildConfig":{"runtime":"nodejs20","entryPoint":"registerBossDeath","source":{"storageSource":{"bucket":"gcf-v2-sources-551025639019-us-central1","object":"registerBossDeath/function-source.zip","generation":"1777450401485020"}},"environmentVariables":{"GOOGLE_NODE_RUN_SCRIPTS":""},"serviceAccount":"projects/bosstracker-9f91f/serviceAccounts/551025639019-compute@developer.gserviceaccount.com","automaticUpdatePolicy":{}},"serviceConfig":{"service":"projects/bosstracker-9f91f/locations/us-central1/services/registerbossdeath","timeoutSeconds":60,"environmentVariables":{"FIREBASE_CONFIG":"{\"projectId\":\"bosstracker-9f91f\",\"storageBucket\":\"bosstracker-9f91f.firebasestorage.app\"}","GCLOUD_PROJECT":"bosstracker-9f91f","EVENTARC_CLOUD_EVENT_SOURCE":"projects/bosstracker-9f91f/locations/us-central1/services/registerBossDeath","FUNCTION_TARGET":"registerBossDeath","LOG_EXECUTION_ID":"true"},"ingressSettings":"ALLOW_ALL","serviceAccountEmail":"551025639019-compute@developer.gserviceaccount.com","availableMemory":"256Mi","maxInstanceRequestConcurrency":80,"availableCpu":"1"},"labels":{"deployment-tool":"cli-firebase","deployment-callable":"true","firebase-functions-hash":"8b2fd95938456000be1dc389f4c108f5eb1acb3f"},"environment":"GEN_2"},"stages":[{"name":"BUILD","message":"Build in progress","state":"IN_PROGRESS","resource":"projects/551025639019/locations/us-central1/builds/76119b9d-be25-4108-98dd-123be18e18bf","resourceUri":"https://console.cloud.google.com/cloud-build/builds;region=us-central1/76119b9d-be25-4108-98dd-123be18e18bf?project=551025639019"},{"name":"SERVICE","state":"NOT_STARTED"}],"operationType":"CREATE_FUNCTION","buildName":"projects/551025639019/locations/us-central1/builds/76119b9d-be25-4108-98dd-123be18e18bf"},"done":false}
[debug] [2026-04-29T08:13:23.091Z] <<< [apiv2][status] GET https://cloudfunctions.googleapis.com/v2/projects/bosstracker-9f91f/locations/us-central1/operations/operation-1777450401222-65094ebc550bd-f7ac06f1-2b9792af 200
[debug] [2026-04-29T08:13:23.091Z] <<< [apiv2][body] GET https://cloudfunctions.googleapis.com/v2/projects/bosstracker-9f91f/locations/us-central1/operations/operation-1777450401222-65094ebc550bd-f7ac06f1-2b9792af {"name":"projects/bosstracker-9f91f/locations/us-central1/operations/operation-1777450401222-65094ebc550bd-f7ac06f1-2b9792af","metadata":{"@type":"type.googleapis.com/google.cloud.functions.v2.OperationMetadata","createTime":"2026-04-29T08:13:21.722753703Z","target":"projects/bosstracker-9f91f/locations/us-central1/functions/sendDueNotifications","verb":"create","cancelRequested":false,"apiVersion":"v2","requestResource":{"@type":"type.googleapis.com/google.cloud.functions.v2.Function","name":"projects/bosstracker-9f91f/locations/us-central1/functions/sendDueNotifications","buildConfig":{"runtime":"nodejs20","entryPoint":"sendDueNotifications","source":{"storageSource":{"bucket":"gcf-v2-sources-551025639019-us-central1","object":"sendDueNotifications/function-source.zip","generation":"1777450401449505"}},"environmentVariables":{"GOOGLE_NODE_RUN_SCRIPTS":""},"serviceAccount":"projects/bosstracker-9f91f/serviceAccounts/551025639019-compute@developer.gserviceaccount.com","automaticUpdatePolicy":{}},"serviceConfig":{"service":"projects/bosstracker-9f91f/locations/us-central1/services/sendduenotifications","timeoutSeconds":60,"environmentVariables":{"FIREBASE_CONFIG":"{\"projectId\":\"bosstracker-9f91f\",\"storageBucket\":\"bosstracker-9f91f.firebasestorage.app\"}","GCLOUD_PROJECT":"bosstracker-9f91f","EVENTARC_CLOUD_EVENT_SOURCE":"projects/bosstracker-9f91f/locations/us-central1/services/sendDueNotifications","FUNCTION_TARGET":"sendDueNotifications","LOG_EXECUTION_ID":"true"},"ingressSettings":"ALLOW_ALL","serviceAccountEmail":"551025639019-compute@developer.gserviceaccount.com","availableMemory":"256Mi","maxInstanceRequestConcurrency":80,"availableCpu":"1"},"labels":{"deployment-tool":"cli-firebase","deployment-scheduled":"true","firebase-functions-hash":"8b2fd95938456000be1dc389f4c108f5eb1acb3f"},"environment":"GEN_2"},"stages":[{"name":"BUILD","message":"Build in progress","state":"IN_PROGRESS","resource":"projects/551025639019/locations/us-central1/builds/1e2d8994-bb52-40c4-8825-a144853f9c28","resourceUri":"https://console.cloud.google.com/cloud-build/builds;region=us-central1/1e2d8994-bb52-40c4-8825-a144853f9c28?project=551025639019"},{"name":"SERVICE","state":"NOT_STARTED"}],"operationType":"CREATE_FUNCTION","buildName":"projects/551025639019/locations/us-central1/builds/1e2d8994-bb52-40c4-8825-a144853f9c28"},"done":false}
[debug] [2026-04-29T08:13:23.777Z] [create-default-us-central1-joinGuildWithInvite] Retrying task index 0
[debug] [2026-04-29T08:13:23.778Z] Checked if tokens are valid: true, expires at: 1777453430618
[debug] [2026-04-29T08:13:23.778Z] Checked if tokens are valid: true, expires at: 1777453430618
[debug] [2026-04-29T08:13:23.778Z] >>> [apiv2][query] GET https://cloudfunctions.googleapis.com/v2/projects/bosstracker-9f91f/locations/us-central1/operations/operation-1777450401144-65094ebc41fed-3d008158-beacbe44 [none]
[debug] [2026-04-29T08:13:23.855Z] [create-default-us-central1-registerBossDeath] Retrying task index 0
[debug] [2026-04-29T08:13:23.855Z] Checked if tokens are valid: true, expires at: 1777453430618
[debug] [2026-04-29T08:13:23.855Z] Checked if tokens are valid: true, expires at: 1777453430618
[debug] [2026-04-29T08:13:23.855Z] >>> [apiv2][query] GET https://cloudfunctions.googleapis.com/v2/projects/bosstracker-9f91f/locations/us-central1/operations/operation-1777450401221-65094ebc54a1b-bc67d985-96b782ad [none]
[debug] [2026-04-29T08:13:23.999Z] <<< [apiv2][status] GET https://cloudfunctions.googleapis.com/v2/projects/bosstracker-9f91f/locations/us-central1/operations/operation-1777450401221-65094ebc54a1b-bc67d985-96b782ad 200
[debug] [2026-04-29T08:13:23.999Z] <<< [apiv2][body] GET https://cloudfunctions.googleapis.com/v2/projects/bosstracker-9f91f/locations/us-central1/operations/operation-1777450401221-65094ebc54a1b-bc67d985-96b782ad {"name":"projects/bosstracker-9f91f/locations/us-central1/operations/operation-1777450401221-65094ebc54a1b-bc67d985-96b782ad","metadata":{"@type":"type.googleapis.com/google.cloud.functions.v2.OperationMetadata","createTime":"2026-04-29T08:13:21.708213189Z","target":"projects/bosstracker-9f91f/locations/us-central1/functions/registerBossDeath","verb":"create","cancelRequested":false,"apiVersion":"v2","requestResource":{"@type":"type.googleapis.com/google.cloud.functions.v2.Function","name":"projects/bosstracker-9f91f/locations/us-central1/functions/registerBossDeath","buildConfig":{"runtime":"nodejs20","entryPoint":"registerBossDeath","source":{"storageSource":{"bucket":"gcf-v2-sources-551025639019-us-central1","object":"registerBossDeath/function-source.zip","generation":"1777450401485020"}},"environmentVariables":{"GOOGLE_NODE_RUN_SCRIPTS":""},"serviceAccount":"projects/bosstracker-9f91f/serviceAccounts/551025639019-compute@developer.gserviceaccount.com","automaticUpdatePolicy":{}},"serviceConfig":{"service":"projects/bosstracker-9f91f/locations/us-central1/services/registerbossdeath","timeoutSeconds":60,"environmentVariables":{"FIREBASE_CONFIG":"{\"projectId\":\"bosstracker-9f91f\",\"storageBucket\":\"bosstracker-9f91f.firebasestorage.app\"}","GCLOUD_PROJECT":"bosstracker-9f91f","EVENTARC_CLOUD_EVENT_SOURCE":"projects/bosstracker-9f91f/locations/us-central1/services/registerBossDeath","FUNCTION_TARGET":"registerBossDeath","LOG_EXECUTION_ID":"true"},"ingressSettings":"ALLOW_ALL","serviceAccountEmail":"551025639019-compute@developer.gserviceaccount.com","availableMemory":"256Mi","maxInstanceRequestConcurrency":80,"availableCpu":"1"},"labels":{"deployment-tool":"cli-firebase","deployment-callable":"true","firebase-functions-hash":"8b2fd95938456000be1dc389f4c108f5eb1acb3f"},"environment":"GEN_2"},"stages":[{"name":"BUILD","message":"Build in progress","state":"IN_PROGRESS","resource":"projects/551025639019/locations/us-central1/builds/76119b9d-be25-4108-98dd-123be18e18bf","resourceUri":"https://console.cloud.google.com/cloud-build/builds;region=us-central1/76119b9d-be25-4108-98dd-123be18e18bf?project=551025639019"},{"name":"SERVICE","state":"NOT_STARTED"}],"operationType":"CREATE_FUNCTION","buildName":"projects/551025639019/locations/us-central1/builds/76119b9d-be25-4108-98dd-123be18e18bf"},"done":false}
[debug] [2026-04-29T08:13:24.102Z] [create-default-us-central1-sendDueNotifications] Retrying task index 0
[debug] [2026-04-29T08:13:24.102Z] Checked if tokens are valid: true, expires at: 1777453430618
[debug] [2026-04-29T08:13:24.102Z] Checked if tokens are valid: true, expires at: 1777453430618
[debug] [2026-04-29T08:13:24.102Z] >>> [apiv2][query] GET https://cloudfunctions.googleapis.com/v2/projects/bosstracker-9f91f/locations/us-central1/operations/operation-1777450401222-65094ebc550bd-f7ac06f1-2b9792af [none]
[debug] [2026-04-29T08:13:24.135Z] <<< [apiv2][status] GET https://cloudfunctions.googleapis.com/v2/projects/bosstracker-9f91f/locations/us-central1/operations/operation-1777450401144-65094ebc41fed-3d008158-beacbe44 200
[debug] [2026-04-29T08:13:24.135Z] <<< [apiv2][body] GET https://cloudfunctions.googleapis.com/v2/projects/bosstracker-9f91f/locations/us-central1/operations/operation-1777450401144-65094ebc41fed-3d008158-beacbe44 {"name":"projects/bosstracker-9f91f/locations/us-central1/operations/operation-1777450401144-65094ebc41fed-3d008158-beacbe44","metadata":{"@type":"type.googleapis.com/google.cloud.functions.v2.OperationMetadata","createTime":"2026-04-29T08:13:21.640340639Z","target":"projects/bosstracker-9f91f/locations/us-central1/functions/joinGuildWithInvite","verb":"create","cancelRequested":false,"apiVersion":"v2","requestResource":{"@type":"type.googleapis.com/google.cloud.functions.v2.Function","name":"projects/bosstracker-9f91f/locations/us-central1/functions/joinGuildWithInvite","buildConfig":{"runtime":"nodejs20","entryPoint":"joinGuildWithInvite","source":{"storageSource":{"bucket":"gcf-v2-sources-551025639019-us-central1","object":"joinGuildWithInvite/function-source.zip","generation":"1777450401387484"}},"environmentVariables":{"GOOGLE_NODE_RUN_SCRIPTS":""},"serviceAccount":"projects/bosstracker-9f91f/serviceAccounts/551025639019-compute@developer.gserviceaccount.com","automaticUpdatePolicy":{}},"serviceConfig":{"service":"projects/bosstracker-9f91f/locations/us-central1/services/joinguildwithinvite","timeoutSeconds":60,"environmentVariables":{"FIREBASE_CONFIG":"{\"projectId\":\"bosstracker-9f91f\",\"storageBucket\":\"bosstracker-9f91f.firebasestorage.app\"}","GCLOUD_PROJECT":"bosstracker-9f91f","EVENTARC_CLOUD_EVENT_SOURCE":"projects/bosstracker-9f91f/locations/us-central1/services/joinGuildWithInvite","FUNCTION_TARGET":"joinGuildWithInvite","LOG_EXECUTION_ID":"true"},"ingressSettings":"ALLOW_ALL","serviceAccountEmail":"551025639019-compute@developer.gserviceaccount.com","availableMemory":"256Mi","maxInstanceRequestConcurrency":80,"availableCpu":"1"},"labels":{"deployment-tool":"cli-firebase","deployment-callable":"true","firebase-functions-hash":"8b2fd95938456000be1dc389f4c108f5eb1acb3f"},"environment":"GEN_2"},"stages":[{"name":"BUILD","message":"Build in progress","state":"IN_PROGRESS","resource":"projects/551025639019/locations/us-central1/builds/3c44402a-c77a-4c34-bde3-8869d200b824","resourceUri":"https://console.cloud.google.com/cloud-build/builds;region=us-central1/3c44402a-c77a-4c34-bde3-8869d200b824?project=551025639019"},{"name":"SERVICE","state":"NOT_STARTED"}],"operationType":"CREATE_FUNCTION","buildName":"projects/551025639019/locations/us-central1/builds/3c44402a-c77a-4c34-bde3-8869d200b824"},"done":false}
[debug] [2026-04-29T08:13:24.448Z] <<< [apiv2][status] GET https://cloudfunctions.googleapis.com/v2/projects/bosstracker-9f91f/locations/us-central1/operations/operation-1777450401222-65094ebc550bd-f7ac06f1-2b9792af 200
[debug] [2026-04-29T08:13:24.448Z] <<< [apiv2][body] GET https://cloudfunctions.googleapis.com/v2/projects/bosstracker-9f91f/locations/us-central1/operations/operation-1777450401222-65094ebc550bd-f7ac06f1-2b9792af {"name":"projects/bosstracker-9f91f/locations/us-central1/operations/operation-1777450401222-65094ebc550bd-f7ac06f1-2b9792af","metadata":{"@type":"type.googleapis.com/google.cloud.functions.v2.OperationMetadata","createTime":"2026-04-29T08:13:21.722753703Z","target":"projects/bosstracker-9f91f/locations/us-central1/functions/sendDueNotifications","verb":"create","cancelRequested":false,"apiVersion":"v2","requestResource":{"@type":"type.googleapis.com/google.cloud.functions.v2.Function","name":"projects/bosstracker-9f91f/locations/us-central1/functions/sendDueNotifications","buildConfig":{"runtime":"nodejs20","entryPoint":"sendDueNotifications","source":{"storageSource":{"bucket":"gcf-v2-sources-551025639019-us-central1","object":"sendDueNotifications/function-source.zip","generation":"1777450401449505"}},"environmentVariables":{"GOOGLE_NODE_RUN_SCRIPTS":""},"serviceAccount":"projects/bosstracker-9f91f/serviceAccounts/551025639019-compute@developer.gserviceaccount.com","automaticUpdatePolicy":{}},"serviceConfig":{"service":"projects/bosstracker-9f91f/locations/us-central1/services/sendduenotifications","timeoutSeconds":60,"environmentVariables":{"FIREBASE_CONFIG":"{\"projectId\":\"bosstracker-9f91f\",\"storageBucket\":\"bosstracker-9f91f.firebasestorage.app\"}","GCLOUD_PROJECT":"bosstracker-9f91f","EVENTARC_CLOUD_EVENT_SOURCE":"projects/bosstracker-9f91f/locations/us-central1/services/sendDueNotifications","FUNCTION_TARGET":"sendDueNotifications","LOG_EXECUTION_ID":"true"},"ingressSettings":"ALLOW_ALL","serviceAccountEmail":"551025639019-compute@developer.gserviceaccount.com","availableMemory":"256Mi","maxInstanceRequestConcurrency":80,"availableCpu":"1"},"labels":{"deployment-tool":"cli-firebase","deployment-scheduled":"true","firebase-functions-hash":"8b2fd95938456000be1dc389f4c108f5eb1acb3f"},"environment":"GEN_2"},"stages":[{"name":"BUILD","message":"Build in progress","state":"IN_PROGRESS","resource":"projects/551025639019/locations/us-central1/builds/1e2d8994-bb52-40c4-8825-a144853f9c28","resourceUri":"https://console.cloud.google.com/cloud-build/builds;region=us-central1/1e2d8994-bb52-40c4-8825-a144853f9c28?project=551025639019"},{"name":"SERVICE","state":"NOT_STARTED"}],"operationType":"CREATE_FUNCTION","buildName":"projects/551025639019/locations/us-central1/builds/1e2d8994-bb52-40c4-8825-a144853f9c28"},"done":false}
[debug] [2026-04-29T08:13:26.007Z] [create-default-us-central1-registerBossDeath] Retrying task index 0
[debug] [2026-04-29T08:13:26.007Z] Checked if tokens are valid: true, expires at: 1777453430618
[debug] [2026-04-29T08:13:26.007Z] Checked if tokens are valid: true, expires at: 1777453430618
[debug] [2026-04-29T08:13:26.007Z] >>> [apiv2][query] GET https://cloudfunctions.googleapis.com/v2/projects/bosstracker-9f91f/locations/us-central1/operations/operation-1777450401221-65094ebc54a1b-bc67d985-96b782ad [none]
[debug] [2026-04-29T08:13:26.145Z] [create-default-us-central1-joinGuildWithInvite] Retrying task index 0
[debug] [2026-04-29T08:13:26.145Z] Checked if tokens are valid: true, expires at: 1777453430618
[debug] [2026-04-29T08:13:26.145Z] Checked if tokens are valid: true, expires at: 1777453430618
[debug] [2026-04-29T08:13:26.145Z] >>> [apiv2][query] GET https://cloudfunctions.googleapis.com/v2/projects/bosstracker-9f91f/locations/us-central1/operations/operation-1777450401144-65094ebc41fed-3d008158-beacbe44 [none]
[debug] [2026-04-29T08:13:26.362Z] <<< [apiv2][status] GET https://cloudfunctions.googleapis.com/v2/projects/bosstracker-9f91f/locations/us-central1/operations/operation-1777450401221-65094ebc54a1b-bc67d985-96b782ad 200
[debug] [2026-04-29T08:13:26.362Z] <<< [apiv2][body] GET https://cloudfunctions.googleapis.com/v2/projects/bosstracker-9f91f/locations/us-central1/operations/operation-1777450401221-65094ebc54a1b-bc67d985-96b782ad {"name":"projects/bosstracker-9f91f/locations/us-central1/operations/operation-1777450401221-65094ebc54a1b-bc67d985-96b782ad","metadata":{"@type":"type.googleapis.com/google.cloud.functions.v2.OperationMetadata","createTime":"2026-04-29T08:13:21.708213189Z","target":"projects/bosstracker-9f91f/locations/us-central1/functions/registerBossDeath","verb":"create","cancelRequested":false,"apiVersion":"v2","requestResource":{"@type":"type.googleapis.com/google.cloud.functions.v2.Function","name":"projects/bosstracker-9f91f/locations/us-central1/functions/registerBossDeath","buildConfig":{"runtime":"nodejs20","entryPoint":"registerBossDeath","source":{"storageSource":{"bucket":"gcf-v2-sources-551025639019-us-central1","object":"registerBossDeath/function-source.zip","generation":"1777450401485020"}},"environmentVariables":{"GOOGLE_NODE_RUN_SCRIPTS":""},"serviceAccount":"projects/bosstracker-9f91f/serviceAccounts/551025639019-compute@developer.gserviceaccount.com","automaticUpdatePolicy":{}},"serviceConfig":{"service":"projects/bosstracker-9f91f/locations/us-central1/services/registerbossdeath","timeoutSeconds":60,"environmentVariables":{"FIREBASE_CONFIG":"{\"projectId\":\"bosstracker-9f91f\",\"storageBucket\":\"bosstracker-9f91f.firebasestorage.app\"}","GCLOUD_PROJECT":"bosstracker-9f91f","EVENTARC_CLOUD_EVENT_SOURCE":"projects/bosstracker-9f91f/locations/us-central1/services/registerBossDeath","FUNCTION_TARGET":"registerBossDeath","LOG_EXECUTION_ID":"true"},"ingressSettings":"ALLOW_ALL","serviceAccountEmail":"551025639019-compute@developer.gserviceaccount.com","availableMemory":"256Mi","maxInstanceRequestConcurrency":80,"availableCpu":"1"},"labels":{"deployment-tool":"cli-firebase","deployment-callable":"true","firebase-functions-hash":"8b2fd95938456000be1dc389f4c108f5eb1acb3f"},"environment":"GEN_2"},"stages":[{"name":"BUILD","message":"Build in progress","state":"IN_PROGRESS","resource":"projects/551025639019/locations/us-central1/builds/76119b9d-be25-4108-98dd-123be18e18bf","resourceUri":"https://console.cloud.google.com/cloud-build/builds;region=us-central1/76119b9d-be25-4108-98dd-123be18e18bf?project=551025639019"},{"name":"SERVICE","state":"NOT_STARTED"}],"operationType":"CREATE_FUNCTION","buildName":"projects/551025639019/locations/us-central1/builds/76119b9d-be25-4108-98dd-123be18e18bf"},"done":false}
[debug] [2026-04-29T08:13:26.454Z] [create-default-us-central1-sendDueNotifications] Retrying task index 0
[debug] [2026-04-29T08:13:26.454Z] Checked if tokens are valid: true, expires at: 1777453430618
[debug] [2026-04-29T08:13:26.454Z] Checked if tokens are valid: true, expires at: 1777453430618
[debug] [2026-04-29T08:13:26.454Z] >>> [apiv2][query] GET https://cloudfunctions.googleapis.com/v2/projects/bosstracker-9f91f/locations/us-central1/operations/operation-1777450401222-65094ebc550bd-f7ac06f1-2b9792af [none]
[debug] [2026-04-29T08:13:26.477Z] <<< [apiv2][status] GET https://cloudfunctions.googleapis.com/v2/projects/bosstracker-9f91f/locations/us-central1/operations/operation-1777450401144-65094ebc41fed-3d008158-beacbe44 200
[debug] [2026-04-29T08:13:26.477Z] <<< [apiv2][body] GET https://cloudfunctions.googleapis.com/v2/projects/bosstracker-9f91f/locations/us-central1/operations/operation-1777450401144-65094ebc41fed-3d008158-beacbe44 {"name":"projects/bosstracker-9f91f/locations/us-central1/operations/operation-1777450401144-65094ebc41fed-3d008158-beacbe44","metadata":{"@type":"type.googleapis.com/google.cloud.functions.v2.OperationMetadata","createTime":"2026-04-29T08:13:21.640340639Z","target":"projects/bosstracker-9f91f/locations/us-central1/functions/joinGuildWithInvite","verb":"create","cancelRequested":false,"apiVersion":"v2","requestResource":{"@type":"type.googleapis.com/google.cloud.functions.v2.Function","name":"projects/bosstracker-9f91f/locations/us-central1/functions/joinGuildWithInvite","buildConfig":{"runtime":"nodejs20","entryPoint":"joinGuildWithInvite","source":{"storageSource":{"bucket":"gcf-v2-sources-551025639019-us-central1","object":"joinGuildWithInvite/function-source.zip","generation":"1777450401387484"}},"environmentVariables":{"GOOGLE_NODE_RUN_SCRIPTS":""},"serviceAccount":"projects/bosstracker-9f91f/serviceAccounts/551025639019-compute@developer.gserviceaccount.com","automaticUpdatePolicy":{}},"serviceConfig":{"service":"projects/bosstracker-9f91f/locations/us-central1/services/joinguildwithinvite","timeoutSeconds":60,"environmentVariables":{"FIREBASE_CONFIG":"{\"projectId\":\"bosstracker-9f91f\",\"storageBucket\":\"bosstracker-9f91f.firebasestorage.app\"}","GCLOUD_PROJECT":"bosstracker-9f91f","EVENTARC_CLOUD_EVENT_SOURCE":"projects/bosstracker-9f91f/locations/us-central1/services/joinGuildWithInvite","FUNCTION_TARGET":"joinGuildWithInvite","LOG_EXECUTION_ID":"true"},"ingressSettings":"ALLOW_ALL","serviceAccountEmail":"551025639019-compute@developer.gserviceaccount.com","availableMemory":"256Mi","maxInstanceRequestConcurrency":80,"availableCpu":"1"},"labels":{"deployment-tool":"cli-firebase","deployment-callable":"true","firebase-functions-hash":"8b2fd95938456000be1dc389f4c108f5eb1acb3f"},"environment":"GEN_2"},"stages":[{"name":"BUILD","message":"Build in progress","state":"IN_PROGRESS","resource":"projects/551025639019/locations/us-central1/builds/3c44402a-c77a-4c34-bde3-8869d200b824","resourceUri":"https://console.cloud.google.com/cloud-build/builds;region=us-central1/3c44402a-c77a-4c34-bde3-8869d200b824?project=551025639019"},{"name":"SERVICE","state":"NOT_STARTED"}],"operationType":"CREATE_FUNCTION","buildName":"projects/551025639019/locations/us-central1/builds/3c44402a-c77a-4c34-bde3-8869d200b824"},"done":false}
[debug] [2026-04-29T08:13:26.596Z] <<< [apiv2][status] GET https://cloudfunctions.googleapis.com/v2/projects/bosstracker-9f91f/locations/us-central1/operations/operation-1777450401222-65094ebc550bd-f7ac06f1-2b9792af 200
[debug] [2026-04-29T08:13:26.596Z] <<< [apiv2][body] GET https://cloudfunctions.googleapis.com/v2/projects/bosstracker-9f91f/locations/us-central1/operations/operation-1777450401222-65094ebc550bd-f7ac06f1-2b9792af {"name":"projects/bosstracker-9f91f/locations/us-central1/operations/operation-1777450401222-65094ebc550bd-f7ac06f1-2b9792af","metadata":{"@type":"type.googleapis.com/google.cloud.functions.v2.OperationMetadata","createTime":"2026-04-29T08:13:21.722753703Z","target":"projects/bosstracker-9f91f/locations/us-central1/functions/sendDueNotifications","verb":"create","cancelRequested":false,"apiVersion":"v2","requestResource":{"@type":"type.googleapis.com/google.cloud.functions.v2.Function","name":"projects/bosstracker-9f91f/locations/us-central1/functions/sendDueNotifications","buildConfig":{"runtime":"nodejs20","entryPoint":"sendDueNotifications","source":{"storageSource":{"bucket":"gcf-v2-sources-551025639019-us-central1","object":"sendDueNotifications/function-source.zip","generation":"1777450401449505"}},"environmentVariables":{"GOOGLE_NODE_RUN_SCRIPTS":""},"serviceAccount":"projects/bosstracker-9f91f/serviceAccounts/551025639019-compute@developer.gserviceaccount.com","automaticUpdatePolicy":{}},"serviceConfig":{"service":"projects/bosstracker-9f91f/locations/us-central1/services/sendduenotifications","timeoutSeconds":60,"environmentVariables":{"FIREBASE_CONFIG":"{\"projectId\":\"bosstracker-9f91f\",\"storageBucket\":\"bosstracker-9f91f.firebasestorage.app\"}","GCLOUD_PROJECT":"bosstracker-9f91f","EVENTARC_CLOUD_EVENT_SOURCE":"projects/bosstracker-9f91f/locations/us-central1/services/sendDueNotifications","FUNCTION_TARGET":"sendDueNotifications","LOG_EXECUTION_ID":"true"},"ingressSettings":"ALLOW_ALL","serviceAccountEmail":"551025639019-compute@developer.gserviceaccount.com","availableMemory":"256Mi","maxInstanceRequestConcurrency":80,"availableCpu":"1"},"labels":{"deployment-tool":"cli-firebase","deployment-scheduled":"true","firebase-functions-hash":"8b2fd95938456000be1dc389f4c108f5eb1acb3f"},"environment":"GEN_2"},"stages":[{"name":"BUILD","message":"Build in progress","state":"IN_PROGRESS","resource":"projects/551025639019/locations/us-central1/builds/1e2d8994-bb52-40c4-8825-a144853f9c28","resourceUri":"https://console.cloud.google.com/cloud-build/builds;region=us-central1/1e2d8994-bb52-40c4-8825-a144853f9c28?project=551025639019"},{"name":"SERVICE","state":"NOT_STARTED"}],"operationType":"CREATE_FUNCTION","buildName":"projects/551025639019/locations/us-central1/builds/1e2d8994-bb52-40c4-8825-a144853f9c28"},"done":false}
[debug] [2026-04-29T08:13:30.366Z] [create-default-us-central1-registerBossDeath] Retrying task index 0
[debug] [2026-04-29T08:13:30.366Z] Checked if tokens are valid: true, expires at: 1777453430618
[debug] [2026-04-29T08:13:30.366Z] Checked if tokens are valid: true, expires at: 1777453430618
[debug] [2026-04-29T08:13:30.366Z] >>> [apiv2][query] GET https://cloudfunctions.googleapis.com/v2/projects/bosstracker-9f91f/locations/us-central1/operations/operation-1777450401221-65094ebc54a1b-bc67d985-96b782ad [none]
[debug] [2026-04-29T08:13:30.490Z] [create-default-us-central1-joinGuildWithInvite] Retrying task index 0
[debug] [2026-04-29T08:13:30.490Z] Checked if tokens are valid: true, expires at: 1777453430618
[debug] [2026-04-29T08:13:30.490Z] Checked if tokens are valid: true, expires at: 1777453430618
[debug] [2026-04-29T08:13:30.490Z] >>> [apiv2][query] GET https://cloudfunctions.googleapis.com/v2/projects/bosstracker-9f91f/locations/us-central1/operations/operation-1777450401144-65094ebc41fed-3d008158-beacbe44 [none]
[debug] [2026-04-29T08:13:30.600Z] [create-default-us-central1-sendDueNotifications] Retrying task index 0
[debug] [2026-04-29T08:13:30.600Z] Checked if tokens are valid: true, expires at: 1777453430618
[debug] [2026-04-29T08:13:30.601Z] Checked if tokens are valid: true, expires at: 1777453430618
[debug] [2026-04-29T08:13:30.601Z] >>> [apiv2][query] GET https://cloudfunctions.googleapis.com/v2/projects/bosstracker-9f91f/locations/us-central1/operations/operation-1777450401222-65094ebc550bd-f7ac06f1-2b9792af [none]
[debug] [2026-04-29T08:13:30.704Z] <<< [apiv2][status] GET https://cloudfunctions.googleapis.com/v2/projects/bosstracker-9f91f/locations/us-central1/operations/operation-1777450401221-65094ebc54a1b-bc67d985-96b782ad 200
[debug] [2026-04-29T08:13:30.704Z] <<< [apiv2][body] GET https://cloudfunctions.googleapis.com/v2/projects/bosstracker-9f91f/locations/us-central1/operations/operation-1777450401221-65094ebc54a1b-bc67d985-96b782ad {"name":"projects/bosstracker-9f91f/locations/us-central1/operations/operation-1777450401221-65094ebc54a1b-bc67d985-96b782ad","metadata":{"@type":"type.googleapis.com/google.cloud.functions.v2.OperationMetadata","createTime":"2026-04-29T08:13:21.708213189Z","target":"projects/bosstracker-9f91f/locations/us-central1/functions/registerBossDeath","verb":"create","cancelRequested":false,"apiVersion":"v2","requestResource":{"@type":"type.googleapis.com/google.cloud.functions.v2.Function","name":"projects/bosstracker-9f91f/locations/us-central1/functions/registerBossDeath","buildConfig":{"runtime":"nodejs20","entryPoint":"registerBossDeath","source":{"storageSource":{"bucket":"gcf-v2-sources-551025639019-us-central1","object":"registerBossDeath/function-source.zip","generation":"1777450401485020"}},"environmentVariables":{"GOOGLE_NODE_RUN_SCRIPTS":""},"serviceAccount":"projects/bosstracker-9f91f/serviceAccounts/551025639019-compute@developer.gserviceaccount.com","automaticUpdatePolicy":{}},"serviceConfig":{"service":"projects/bosstracker-9f91f/locations/us-central1/services/registerbossdeath","timeoutSeconds":60,"environmentVariables":{"FIREBASE_CONFIG":"{\"projectId\":\"bosstracker-9f91f\",\"storageBucket\":\"bosstracker-9f91f.firebasestorage.app\"}","GCLOUD_PROJECT":"bosstracker-9f91f","EVENTARC_CLOUD_EVENT_SOURCE":"projects/bosstracker-9f91f/locations/us-central1/services/registerBossDeath","FUNCTION_TARGET":"registerBossDeath","LOG_EXECUTION_ID":"true"},"ingressSettings":"ALLOW_ALL","serviceAccountEmail":"551025639019-compute@developer.gserviceaccount.com","availableMemory":"256Mi","maxInstanceRequestConcurrency":80,"availableCpu":"1"},"labels":{"deployment-tool":"cli-firebase","deployment-callable":"true","firebase-functions-hash":"8b2fd95938456000be1dc389f4c108f5eb1acb3f"},"environment":"GEN_2"},"stages":[{"name":"BUILD","message":"Build in progress","state":"IN_PROGRESS","resource":"projects/551025639019/locations/us-central1/builds/76119b9d-be25-4108-98dd-123be18e18bf","resourceUri":"https://console.cloud.google.com/cloud-build/builds;region=us-central1/76119b9d-be25-4108-98dd-123be18e18bf?project=551025639019"},{"name":"SERVICE","state":"NOT_STARTED"}],"operationType":"CREATE_FUNCTION","buildName":"projects/551025639019/locations/us-central1/builds/76119b9d-be25-4108-98dd-123be18e18bf"},"done":false}
[debug] [2026-04-29T08:13:30.816Z] <<< [apiv2][status] GET https://cloudfunctions.googleapis.com/v2/projects/bosstracker-9f91f/locations/us-central1/operations/operation-1777450401144-65094ebc41fed-3d008158-beacbe44 200
[debug] [2026-04-29T08:13:30.816Z] <<< [apiv2][body] GET https://cloudfunctions.googleapis.com/v2/projects/bosstracker-9f91f/locations/us-central1/operations/operation-1777450401144-65094ebc41fed-3d008158-beacbe44 {"name":"projects/bosstracker-9f91f/locations/us-central1/operations/operation-1777450401144-65094ebc41fed-3d008158-beacbe44","metadata":{"@type":"type.googleapis.com/google.cloud.functions.v2.OperationMetadata","createTime":"2026-04-29T08:13:21.640340639Z","target":"projects/bosstracker-9f91f/locations/us-central1/functions/joinGuildWithInvite","verb":"create","cancelRequested":false,"apiVersion":"v2","requestResource":{"@type":"type.googleapis.com/google.cloud.functions.v2.Function","name":"projects/bosstracker-9f91f/locations/us-central1/functions/joinGuildWithInvite","buildConfig":{"runtime":"nodejs20","entryPoint":"joinGuildWithInvite","source":{"storageSource":{"bucket":"gcf-v2-sources-551025639019-us-central1","object":"joinGuildWithInvite/function-source.zip","generation":"1777450401387484"}},"environmentVariables":{"GOOGLE_NODE_RUN_SCRIPTS":""},"serviceAccount":"projects/bosstracker-9f91f/serviceAccounts/551025639019-compute@developer.gserviceaccount.com","automaticUpdatePolicy":{}},"serviceConfig":{"service":"projects/bosstracker-9f91f/locations/us-central1/services/joinguildwithinvite","timeoutSeconds":60,"environmentVariables":{"FIREBASE_CONFIG":"{\"projectId\":\"bosstracker-9f91f\",\"storageBucket\":\"bosstracker-9f91f.firebasestorage.app\"}","GCLOUD_PROJECT":"bosstracker-9f91f","EVENTARC_CLOUD_EVENT_SOURCE":"projects/bosstracker-9f91f/locations/us-central1/services/joinGuildWithInvite","FUNCTION_TARGET":"joinGuildWithInvite","LOG_EXECUTION_ID":"true"},"ingressSettings":"ALLOW_ALL","serviceAccountEmail":"551025639019-compute@developer.gserviceaccount.com","availableMemory":"256Mi","maxInstanceRequestConcurrency":80,"availableCpu":"1"},"labels":{"deployment-tool":"cli-firebase","deployment-callable":"true","firebase-functions-hash":"8b2fd95938456000be1dc389f4c108f5eb1acb3f"},"environment":"GEN_2"},"stages":[{"name":"BUILD","message":"Build in progress","state":"IN_PROGRESS","resource":"projects/551025639019/locations/us-central1/builds/3c44402a-c77a-4c34-bde3-8869d200b824","resourceUri":"https://console.cloud.google.com/cloud-build/builds;region=us-central1/3c44402a-c77a-4c34-bde3-8869d200b824?project=551025639019"},{"name":"SERVICE","state":"NOT_STARTED"}],"operationType":"CREATE_FUNCTION","buildName":"projects/551025639019/locations/us-central1/builds/3c44402a-c77a-4c34-bde3-8869d200b824"},"done":false}
[debug] [2026-04-29T08:13:31.030Z] <<< [apiv2][status] GET https://cloudfunctions.googleapis.com/v2/projects/bosstracker-9f91f/locations/us-central1/operations/operation-1777450401222-65094ebc550bd-f7ac06f1-2b9792af 200
[debug] [2026-04-29T08:13:31.030Z] <<< [apiv2][body] GET https://cloudfunctions.googleapis.com/v2/projects/bosstracker-9f91f/locations/us-central1/operations/operation-1777450401222-65094ebc550bd-f7ac06f1-2b9792af {"name":"projects/bosstracker-9f91f/locations/us-central1/operations/operation-1777450401222-65094ebc550bd-f7ac06f1-2b9792af","metadata":{"@type":"type.googleapis.com/google.cloud.functions.v2.OperationMetadata","createTime":"2026-04-29T08:13:21.722753703Z","target":"projects/bosstracker-9f91f/locations/us-central1/functions/sendDueNotifications","verb":"create","cancelRequested":false,"apiVersion":"v2","requestResource":{"@type":"type.googleapis.com/google.cloud.functions.v2.Function","name":"projects/bosstracker-9f91f/locations/us-central1/functions/sendDueNotifications","buildConfig":{"runtime":"nodejs20","entryPoint":"sendDueNotifications","source":{"storageSource":{"bucket":"gcf-v2-sources-551025639019-us-central1","object":"sendDueNotifications/function-source.zip","generation":"1777450401449505"}},"environmentVariables":{"GOOGLE_NODE_RUN_SCRIPTS":""},"serviceAccount":"projects/bosstracker-9f91f/serviceAccounts/551025639019-compute@developer.gserviceaccount.com","automaticUpdatePolicy":{}},"serviceConfig":{"service":"projects/bosstracker-9f91f/locations/us-central1/services/sendduenotifications","timeoutSeconds":60,"environmentVariables":{"FIREBASE_CONFIG":"{\"projectId\":\"bosstracker-9f91f\",\"storageBucket\":\"bosstracker-9f91f.firebasestorage.app\"}","GCLOUD_PROJECT":"bosstracker-9f91f","EVENTARC_CLOUD_EVENT_SOURCE":"projects/bosstracker-9f91f/locations/us-central1/services/sendDueNotifications","FUNCTION_TARGET":"sendDueNotifications","LOG_EXECUTION_ID":"true"},"ingressSettings":"ALLOW_ALL","serviceAccountEmail":"551025639019-compute@developer.gserviceaccount.com","availableMemory":"256Mi","maxInstanceRequestConcurrency":80,"availableCpu":"1"},"labels":{"deployment-tool":"cli-firebase","deployment-scheduled":"true","firebase-functions-hash":"8b2fd95938456000be1dc389f4c108f5eb1acb3f"},"environment":"GEN_2"},"stages":[{"name":"BUILD","message":"Build in progress","state":"IN_PROGRESS","resource":"projects/551025639019/locations/us-central1/builds/1e2d8994-bb52-40c4-8825-a144853f9c28","resourceUri":"https://console.cloud.google.com/cloud-build/builds;region=us-central1/1e2d8994-bb52-40c4-8825-a144853f9c28?project=551025639019"},{"name":"SERVICE","state":"NOT_STARTED"}],"operationType":"CREATE_FUNCTION","buildName":"projects/551025639019/locations/us-central1/builds/1e2d8994-bb52-40c4-8825-a144853f9c28"},"done":false}
[debug] [2026-04-29T08:13:38.704Z] [create-default-us-central1-registerBossDeath] Retrying task index 0
[debug] [2026-04-29T08:13:38.705Z] Checked if tokens are valid: true, expires at: 1777453430618
[debug] [2026-04-29T08:13:38.705Z] Checked if tokens are valid: true, expires at: 1777453430618
[debug] [2026-04-29T08:13:38.705Z] >>> [apiv2][query] GET https://cloudfunctions.googleapis.com/v2/projects/bosstracker-9f91f/locations/us-central1/operations/operation-1777450401221-65094ebc54a1b-bc67d985-96b782ad [none]
[debug] [2026-04-29T08:13:38.826Z] [create-default-us-central1-joinGuildWithInvite] Retrying task index 0
[debug] [2026-04-29T08:13:38.827Z] Checked if tokens are valid: true, expires at: 1777453430618
[debug] [2026-04-29T08:13:38.827Z] Checked if tokens are valid: true, expires at: 1777453430618
[debug] [2026-04-29T08:13:38.827Z] >>> [apiv2][query] GET https://cloudfunctions.googleapis.com/v2/projects/bosstracker-9f91f/locations/us-central1/operations/operation-1777450401144-65094ebc41fed-3d008158-beacbe44 [none]
[debug] [2026-04-29T08:13:39.029Z] <<< [apiv2][status] GET https://cloudfunctions.googleapis.com/v2/projects/bosstracker-9f91f/locations/us-central1/operations/operation-1777450401144-65094ebc41fed-3d008158-beacbe44 200
[debug] [2026-04-29T08:13:39.029Z] <<< [apiv2][body] GET https://cloudfunctions.googleapis.com/v2/projects/bosstracker-9f91f/locations/us-central1/operations/operation-1777450401144-65094ebc41fed-3d008158-beacbe44 {"name":"projects/bosstracker-9f91f/locations/us-central1/operations/operation-1777450401144-65094ebc41fed-3d008158-beacbe44","metadata":{"@type":"type.googleapis.com/google.cloud.functions.v2.OperationMetadata","createTime":"2026-04-29T08:13:21.640340639Z","target":"projects/bosstracker-9f91f/locations/us-central1/functions/joinGuildWithInvite","verb":"create","cancelRequested":false,"apiVersion":"v2","requestResource":{"@type":"type.googleapis.com/google.cloud.functions.v2.Function","name":"projects/bosstracker-9f91f/locations/us-central1/functions/joinGuildWithInvite","buildConfig":{"runtime":"nodejs20","entryPoint":"joinGuildWithInvite","source":{"storageSource":{"bucket":"gcf-v2-sources-551025639019-us-central1","object":"joinGuildWithInvite/function-source.zip","generation":"1777450401387484"}},"environmentVariables":{"GOOGLE_NODE_RUN_SCRIPTS":""},"serviceAccount":"projects/bosstracker-9f91f/serviceAccounts/551025639019-compute@developer.gserviceaccount.com","automaticUpdatePolicy":{}},"serviceConfig":{"service":"projects/bosstracker-9f91f/locations/us-central1/services/joinguildwithinvite","timeoutSeconds":60,"environmentVariables":{"FIREBASE_CONFIG":"{\"projectId\":\"bosstracker-9f91f\",\"storageBucket\":\"bosstracker-9f91f.firebasestorage.app\"}","GCLOUD_PROJECT":"bosstracker-9f91f","EVENTARC_CLOUD_EVENT_SOURCE":"projects/bosstracker-9f91f/locations/us-central1/services/joinGuildWithInvite","FUNCTION_TARGET":"joinGuildWithInvite","LOG_EXECUTION_ID":"true"},"ingressSettings":"ALLOW_ALL","serviceAccountEmail":"551025639019-compute@developer.gserviceaccount.com","availableMemory":"256Mi","maxInstanceRequestConcurrency":80,"availableCpu":"1"},"labels":{"deployment-tool":"cli-firebase","deployment-callable":"true","firebase-functions-hash":"8b2fd95938456000be1dc389f4c108f5eb1acb3f"},"environment":"GEN_2"},"stages":[{"name":"BUILD","message":"Build in progress","state":"IN_PROGRESS","resource":"projects/551025639019/locations/us-central1/builds/3c44402a-c77a-4c34-bde3-8869d200b824","resourceUri":"https://console.cloud.google.com/cloud-build/builds;region=us-central1/3c44402a-c77a-4c34-bde3-8869d200b824?project=551025639019"},{"name":"SERVICE","state":"NOT_STARTED"}],"operationType":"CREATE_FUNCTION","buildName":"projects/551025639019/locations/us-central1/builds/3c44402a-c77a-4c34-bde3-8869d200b824"},"done":false}
[debug] [2026-04-29T08:13:39.044Z] [create-default-us-central1-sendDueNotifications] Retrying task index 0
[debug] [2026-04-29T08:13:39.045Z] Checked if tokens are valid: true, expires at: 1777453430618
[debug] [2026-04-29T08:13:39.045Z] Checked if tokens are valid: true, expires at: 1777453430618
[debug] [2026-04-29T08:13:39.045Z] >>> [apiv2][query] GET https://cloudfunctions.googleapis.com/v2/projects/bosstracker-9f91f/locations/us-central1/operations/operation-1777450401222-65094ebc550bd-f7ac06f1-2b9792af [none]
[debug] [2026-04-29T08:13:39.139Z] <<< [apiv2][status] GET https://cloudfunctions.googleapis.com/v2/projects/bosstracker-9f91f/locations/us-central1/operations/operation-1777450401221-65094ebc54a1b-bc67d985-96b782ad 200
[debug] [2026-04-29T08:13:39.140Z] <<< [apiv2][body] GET https://cloudfunctions.googleapis.com/v2/projects/bosstracker-9f91f/locations/us-central1/operations/operation-1777450401221-65094ebc54a1b-bc67d985-96b782ad {"name":"projects/bosstracker-9f91f/locations/us-central1/operations/operation-1777450401221-65094ebc54a1b-bc67d985-96b782ad","metadata":{"@type":"type.googleapis.com/google.cloud.functions.v2.OperationMetadata","createTime":"2026-04-29T08:13:21.708213189Z","target":"projects/bosstracker-9f91f/locations/us-central1/functions/registerBossDeath","verb":"create","cancelRequested":false,"apiVersion":"v2","requestResource":{"@type":"type.googleapis.com/google.cloud.functions.v2.Function","name":"projects/bosstracker-9f91f/locations/us-central1/functions/registerBossDeath","buildConfig":{"runtime":"nodejs20","entryPoint":"registerBossDeath","source":{"storageSource":{"bucket":"gcf-v2-sources-551025639019-us-central1","object":"registerBossDeath/function-source.zip","generation":"1777450401485020"}},"environmentVariables":{"GOOGLE_NODE_RUN_SCRIPTS":""},"serviceAccount":"projects/bosstracker-9f91f/serviceAccounts/551025639019-compute@developer.gserviceaccount.com","automaticUpdatePolicy":{}},"serviceConfig":{"service":"projects/bosstracker-9f91f/locations/us-central1/services/registerbossdeath","timeoutSeconds":60,"environmentVariables":{"FIREBASE_CONFIG":"{\"projectId\":\"bosstracker-9f91f\",\"storageBucket\":\"bosstracker-9f91f.firebasestorage.app\"}","GCLOUD_PROJECT":"bosstracker-9f91f","EVENTARC_CLOUD_EVENT_SOURCE":"projects/bosstracker-9f91f/locations/us-central1/services/registerBossDeath","FUNCTION_TARGET":"registerBossDeath","LOG_EXECUTION_ID":"true"},"ingressSettings":"ALLOW_ALL","serviceAccountEmail":"551025639019-compute@developer.gserviceaccount.com","availableMemory":"256Mi","maxInstanceRequestConcurrency":80,"availableCpu":"1"},"labels":{"deployment-tool":"cli-firebase","deployment-callable":"true","firebase-functions-hash":"8b2fd95938456000be1dc389f4c108f5eb1acb3f"},"environment":"GEN_2"},"stages":[{"name":"BUILD","message":"Build in progress","state":"IN_PROGRESS","resource":"projects/551025639019/locations/us-central1/builds/76119b9d-be25-4108-98dd-123be18e18bf","resourceUri":"https://console.cloud.google.com/cloud-build/builds;region=us-central1/76119b9d-be25-4108-98dd-123be18e18bf?project=551025639019"},{"name":"SERVICE","state":"NOT_STARTED"}],"operationType":"CREATE_FUNCTION","buildName":"projects/551025639019/locations/us-central1/builds/76119b9d-be25-4108-98dd-123be18e18bf"},"done":false}
[debug] [2026-04-29T08:13:39.366Z] <<< [apiv2][status] GET https://cloudfunctions.googleapis.com/v2/projects/bosstracker-9f91f/locations/us-central1/operations/operation-1777450401222-65094ebc550bd-f7ac06f1-2b9792af 200
[debug] [2026-04-29T08:13:39.366Z] <<< [apiv2][body] GET https://cloudfunctions.googleapis.com/v2/projects/bosstracker-9f91f/locations/us-central1/operations/operation-1777450401222-65094ebc550bd-f7ac06f1-2b9792af {"name":"projects/bosstracker-9f91f/locations/us-central1/operations/operation-1777450401222-65094ebc550bd-f7ac06f1-2b9792af","metadata":{"@type":"type.googleapis.com/google.cloud.functions.v2.OperationMetadata","createTime":"2026-04-29T08:13:21.722753703Z","target":"projects/bosstracker-9f91f/locations/us-central1/functions/sendDueNotifications","verb":"create","cancelRequested":false,"apiVersion":"v2","requestResource":{"@type":"type.googleapis.com/google.cloud.functions.v2.Function","name":"projects/bosstracker-9f91f/locations/us-central1/functions/sendDueNotifications","buildConfig":{"runtime":"nodejs20","entryPoint":"sendDueNotifications","source":{"storageSource":{"bucket":"gcf-v2-sources-551025639019-us-central1","object":"sendDueNotifications/function-source.zip","generation":"1777450401449505"}},"environmentVariables":{"GOOGLE_NODE_RUN_SCRIPTS":""},"serviceAccount":"projects/bosstracker-9f91f/serviceAccounts/551025639019-compute@developer.gserviceaccount.com","automaticUpdatePolicy":{}},"serviceConfig":{"service":"projects/bosstracker-9f91f/locations/us-central1/services/sendduenotifications","timeoutSeconds":60,"environmentVariables":{"FIREBASE_CONFIG":"{\"projectId\":\"bosstracker-9f91f\",\"storageBucket\":\"bosstracker-9f91f.firebasestorage.app\"}","GCLOUD_PROJECT":"bosstracker-9f91f","EVENTARC_CLOUD_EVENT_SOURCE":"projects/bosstracker-9f91f/locations/us-central1/services/sendDueNotifications","FUNCTION_TARGET":"sendDueNotifications","LOG_EXECUTION_ID":"true"},"ingressSettings":"ALLOW_ALL","serviceAccountEmail":"551025639019-compute@developer.gserviceaccount.com","availableMemory":"256Mi","maxInstanceRequestConcurrency":80,"availableCpu":"1"},"labels":{"deployment-tool":"cli-firebase","deployment-scheduled":"true","firebase-functions-hash":"8b2fd95938456000be1dc389f4c108f5eb1acb3f"},"environment":"GEN_2"},"stages":[{"name":"BUILD","message":"Build in progress","state":"IN_PROGRESS","resource":"projects/551025639019/locations/us-central1/builds/1e2d8994-bb52-40c4-8825-a144853f9c28","resourceUri":"https://console.cloud.google.com/cloud-build/builds;region=us-central1/1e2d8994-bb52-40c4-8825-a144853f9c28?project=551025639019"},{"name":"SERVICE","state":"NOT_STARTED"}],"operationType":"CREATE_FUNCTION","buildName":"projects/551025639019/locations/us-central1/builds/1e2d8994-bb52-40c4-8825-a144853f9c28"},"done":false}
[debug] [2026-04-29T08:13:49.033Z] [create-default-us-central1-joinGuildWithInvite] Retrying task index 0
[debug] [2026-04-29T08:13:49.033Z] Checked if tokens are valid: true, expires at: 1777453430618
[debug] [2026-04-29T08:13:49.033Z] Checked if tokens are valid: true, expires at: 1777453430618
[debug] [2026-04-29T08:13:49.034Z] >>> [apiv2][query] GET https://cloudfunctions.googleapis.com/v2/projects/bosstracker-9f91f/locations/us-central1/operations/operation-1777450401144-65094ebc41fed-3d008158-beacbe44 [none]
[debug] [2026-04-29T08:13:49.142Z] [create-default-us-central1-registerBossDeath] Retrying task index 0
[debug] [2026-04-29T08:13:49.142Z] Checked if tokens are valid: true, expires at: 1777453430618
[debug] [2026-04-29T08:13:49.142Z] Checked if tokens are valid: true, expires at: 1777453430618
[debug] [2026-04-29T08:13:49.142Z] >>> [apiv2][query] GET https://cloudfunctions.googleapis.com/v2/projects/bosstracker-9f91f/locations/us-central1/operations/operation-1777450401221-65094ebc54a1b-bc67d985-96b782ad [none]
[debug] [2026-04-29T08:13:49.368Z] [create-default-us-central1-sendDueNotifications] Retrying task index 0
[debug] [2026-04-29T08:13:49.368Z] Checked if tokens are valid: true, expires at: 1777453430618
[debug] [2026-04-29T08:13:49.368Z] Checked if tokens are valid: true, expires at: 1777453430618
[debug] [2026-04-29T08:13:49.368Z] >>> [apiv2][query] GET https://cloudfunctions.googleapis.com/v2/projects/bosstracker-9f91f/locations/us-central1/operations/operation-1777450401222-65094ebc550bd-f7ac06f1-2b9792af [none]
[debug] [2026-04-29T08:13:49.468Z] <<< [apiv2][status] GET https://cloudfunctions.googleapis.com/v2/projects/bosstracker-9f91f/locations/us-central1/operations/operation-1777450401144-65094ebc41fed-3d008158-beacbe44 200
[debug] [2026-04-29T08:13:49.469Z] <<< [apiv2][body] GET https://cloudfunctions.googleapis.com/v2/projects/bosstracker-9f91f/locations/us-central1/operations/operation-1777450401144-65094ebc41fed-3d008158-beacbe44 {"name":"projects/bosstracker-9f91f/locations/us-central1/operations/operation-1777450401144-65094ebc41fed-3d008158-beacbe44","metadata":{"@type":"type.googleapis.com/google.cloud.functions.v2.OperationMetadata","createTime":"2026-04-29T08:13:21.640340639Z","target":"projects/bosstracker-9f91f/locations/us-central1/functions/joinGuildWithInvite","verb":"create","cancelRequested":false,"apiVersion":"v2","requestResource":{"@type":"type.googleapis.com/google.cloud.functions.v2.Function","name":"projects/bosstracker-9f91f/locations/us-central1/functions/joinGuildWithInvite","buildConfig":{"runtime":"nodejs20","entryPoint":"joinGuildWithInvite","source":{"storageSource":{"bucket":"gcf-v2-sources-551025639019-us-central1","object":"joinGuildWithInvite/function-source.zip","generation":"1777450401387484"}},"environmentVariables":{"GOOGLE_NODE_RUN_SCRIPTS":""},"serviceAccount":"projects/bosstracker-9f91f/serviceAccounts/551025639019-compute@developer.gserviceaccount.com","automaticUpdatePolicy":{}},"serviceConfig":{"service":"projects/bosstracker-9f91f/locations/us-central1/services/joinguildwithinvite","timeoutSeconds":60,"environmentVariables":{"FIREBASE_CONFIG":"{\"projectId\":\"bosstracker-9f91f\",\"storageBucket\":\"bosstracker-9f91f.firebasestorage.app\"}","GCLOUD_PROJECT":"bosstracker-9f91f","EVENTARC_CLOUD_EVENT_SOURCE":"projects/bosstracker-9f91f/locations/us-central1/services/joinGuildWithInvite","FUNCTION_TARGET":"joinGuildWithInvite","LOG_EXECUTION_ID":"true"},"ingressSettings":"ALLOW_ALL","serviceAccountEmail":"551025639019-compute@developer.gserviceaccount.com","availableMemory":"256Mi","maxInstanceRequestConcurrency":80,"availableCpu":"1"},"labels":{"deployment-tool":"cli-firebase","deployment-callable":"true","firebase-functions-hash":"8b2fd95938456000be1dc389f4c108f5eb1acb3f"},"environment":"GEN_2"},"stages":[{"name":"BUILD","message":"Build in progress","state":"IN_PROGRESS","resource":"projects/551025639019/locations/us-central1/builds/3c44402a-c77a-4c34-bde3-8869d200b824","resourceUri":"https://console.cloud.google.com/cloud-build/builds;region=us-central1/3c44402a-c77a-4c34-bde3-8869d200b824?project=551025639019"},{"name":"SERVICE","state":"NOT_STARTED"}],"operationType":"CREATE_FUNCTION","buildName":"projects/551025639019/locations/us-central1/builds/3c44402a-c77a-4c34-bde3-8869d200b824"},"done":false}
[debug] [2026-04-29T08:13:49.576Z] <<< [apiv2][status] GET https://cloudfunctions.googleapis.com/v2/projects/bosstracker-9f91f/locations/us-central1/operations/operation-1777450401221-65094ebc54a1b-bc67d985-96b782ad 200
[debug] [2026-04-29T08:13:49.576Z] <<< [apiv2][body] GET https://cloudfunctions.googleapis.com/v2/projects/bosstracker-9f91f/locations/us-central1/operations/operation-1777450401221-65094ebc54a1b-bc67d985-96b782ad {"name":"projects/bosstracker-9f91f/locations/us-central1/operations/operation-1777450401221-65094ebc54a1b-bc67d985-96b782ad","metadata":{"@type":"type.googleapis.com/google.cloud.functions.v2.OperationMetadata","createTime":"2026-04-29T08:13:21.708213189Z","target":"projects/bosstracker-9f91f/locations/us-central1/functions/registerBossDeath","verb":"create","cancelRequested":false,"apiVersion":"v2","requestResource":{"@type":"type.googleapis.com/google.cloud.functions.v2.Function","name":"projects/bosstracker-9f91f/locations/us-central1/functions/registerBossDeath","buildConfig":{"runtime":"nodejs20","entryPoint":"registerBossDeath","source":{"storageSource":{"bucket":"gcf-v2-sources-551025639019-us-central1","object":"registerBossDeath/function-source.zip","generation":"1777450401485020"}},"environmentVariables":{"GOOGLE_NODE_RUN_SCRIPTS":""},"serviceAccount":"projects/bosstracker-9f91f/serviceAccounts/551025639019-compute@developer.gserviceaccount.com","automaticUpdatePolicy":{}},"serviceConfig":{"service":"projects/bosstracker-9f91f/locations/us-central1/services/registerbossdeath","timeoutSeconds":60,"environmentVariables":{"FIREBASE_CONFIG":"{\"projectId\":\"bosstracker-9f91f\",\"storageBucket\":\"bosstracker-9f91f.firebasestorage.app\"}","GCLOUD_PROJECT":"bosstracker-9f91f","EVENTARC_CLOUD_EVENT_SOURCE":"projects/bosstracker-9f91f/locations/us-central1/services/registerBossDeath","FUNCTION_TARGET":"registerBossDeath","LOG_EXECUTION_ID":"true"},"ingressSettings":"ALLOW_ALL","serviceAccountEmail":"551025639019-compute@developer.gserviceaccount.com","availableMemory":"256Mi","maxInstanceRequestConcurrency":80,"availableCpu":"1"},"labels":{"deployment-tool":"cli-firebase","deployment-callable":"true","firebase-functions-hash":"8b2fd95938456000be1dc389f4c108f5eb1acb3f"},"environment":"GEN_2"},"stages":[{"name":"BUILD","message":"Build in progress","state":"IN_PROGRESS","resource":"projects/551025639019/locations/us-central1/builds/76119b9d-be25-4108-98dd-123be18e18bf","resourceUri":"https://console.cloud.google.com/cloud-build/builds;region=us-central1/76119b9d-be25-4108-98dd-123be18e18bf?project=551025639019"},{"name":"SERVICE","state":"NOT_STARTED"}],"operationType":"CREATE_FUNCTION","buildName":"projects/551025639019/locations/us-central1/builds/76119b9d-be25-4108-98dd-123be18e18bf"},"done":false}
[debug] [2026-04-29T08:13:49.591Z] <<< [apiv2][status] GET https://cloudfunctions.googleapis.com/v2/projects/bosstracker-9f91f/locations/us-central1/operations/operation-1777450401222-65094ebc550bd-f7ac06f1-2b9792af 200
[debug] [2026-04-29T08:13:49.591Z] <<< [apiv2][body] GET https://cloudfunctions.googleapis.com/v2/projects/bosstracker-9f91f/locations/us-central1/operations/operation-1777450401222-65094ebc550bd-f7ac06f1-2b9792af {"name":"projects/bosstracker-9f91f/locations/us-central1/operations/operation-1777450401222-65094ebc550bd-f7ac06f1-2b9792af","metadata":{"@type":"type.googleapis.com/google.cloud.functions.v2.OperationMetadata","createTime":"2026-04-29T08:13:21.722753703Z","target":"projects/bosstracker-9f91f/locations/us-central1/functions/sendDueNotifications","verb":"create","cancelRequested":false,"apiVersion":"v2","requestResource":{"@type":"type.googleapis.com/google.cloud.functions.v2.Function","name":"projects/bosstracker-9f91f/locations/us-central1/functions/sendDueNotifications","buildConfig":{"runtime":"nodejs20","entryPoint":"sendDueNotifications","source":{"storageSource":{"bucket":"gcf-v2-sources-551025639019-us-central1","object":"sendDueNotifications/function-source.zip","generation":"1777450401449505"}},"environmentVariables":{"GOOGLE_NODE_RUN_SCRIPTS":""},"serviceAccount":"projects/bosstracker-9f91f/serviceAccounts/551025639019-compute@developer.gserviceaccount.com","automaticUpdatePolicy":{}},"serviceConfig":{"service":"projects/bosstracker-9f91f/locations/us-central1/services/sendduenotifications","timeoutSeconds":60,"environmentVariables":{"FIREBASE_CONFIG":"{\"projectId\":\"bosstracker-9f91f\",\"storageBucket\":\"bosstracker-9f91f.firebasestorage.app\"}","GCLOUD_PROJECT":"bosstracker-9f91f","EVENTARC_CLOUD_EVENT_SOURCE":"projects/bosstracker-9f91f/locations/us-central1/services/sendDueNotifications","FUNCTION_TARGET":"sendDueNotifications","LOG_EXECUTION_ID":"true"},"ingressSettings":"ALLOW_ALL","serviceAccountEmail":"551025639019-compute@developer.gserviceaccount.com","availableMemory":"256Mi","maxInstanceRequestConcurrency":80,"availableCpu":"1"},"labels":{"deployment-tool":"cli-firebase","deployment-scheduled":"true","firebase-functions-hash":"8b2fd95938456000be1dc389f4c108f5eb1acb3f"},"environment":"GEN_2"},"stages":[{"name":"BUILD","message":"Build in progress","state":"IN_PROGRESS","resource":"projects/551025639019/locations/us-central1/builds/1e2d8994-bb52-40c4-8825-a144853f9c28","resourceUri":"https://console.cloud.google.com/cloud-build/builds;region=us-central1/1e2d8994-bb52-40c4-8825-a144853f9c28?project=551025639019"},{"name":"SERVICE","state":"NOT_STARTED"}],"operationType":"CREATE_FUNCTION","buildName":"projects/551025639019/locations/us-central1/builds/1e2d8994-bb52-40c4-8825-a144853f9c28"},"done":false}
[debug] [2026-04-29T08:13:59.480Z] [create-default-us-central1-joinGuildWithInvite] Retrying task index 0
[debug] [2026-04-29T08:13:59.481Z] Checked if tokens are valid: true, expires at: 1777453430618
[debug] [2026-04-29T08:13:59.481Z] Checked if tokens are valid: true, expires at: 1777453430618
[debug] [2026-04-29T08:13:59.481Z] >>> [apiv2][query] GET https://cloudfunctions.googleapis.com/v2/projects/bosstracker-9f91f/locations/us-central1/operations/operation-1777450401144-65094ebc41fed-3d008158-beacbe44 [none]
[debug] [2026-04-29T08:13:59.589Z] [create-default-us-central1-registerBossDeath] Retrying task index 0
[debug] [2026-04-29T08:13:59.589Z] Checked if tokens are valid: true, expires at: 1777453430618
[debug] [2026-04-29T08:13:59.589Z] Checked if tokens are valid: true, expires at: 1777453430618
[debug] [2026-04-29T08:13:59.589Z] >>> [apiv2][query] GET https://cloudfunctions.googleapis.com/v2/projects/bosstracker-9f91f/locations/us-central1/operations/operation-1777450401221-65094ebc54a1b-bc67d985-96b782ad [none]
[debug] [2026-04-29T08:13:59.591Z] [create-default-us-central1-sendDueNotifications] Retrying task index 0
[debug] [2026-04-29T08:13:59.591Z] Checked if tokens are valid: true, expires at: 1777453430618
[debug] [2026-04-29T08:13:59.591Z] Checked if tokens are valid: true, expires at: 1777453430618
[debug] [2026-04-29T08:13:59.591Z] >>> [apiv2][query] GET https://cloudfunctions.googleapis.com/v2/projects/bosstracker-9f91f/locations/us-central1/operations/operation-1777450401222-65094ebc550bd-f7ac06f1-2b9792af [none]
[debug] [2026-04-29T08:13:59.904Z] <<< [apiv2][status] GET https://cloudfunctions.googleapis.com/v2/projects/bosstracker-9f91f/locations/us-central1/operations/operation-1777450401144-65094ebc41fed-3d008158-beacbe44 200
[debug] [2026-04-29T08:13:59.904Z] <<< [apiv2][body] GET https://cloudfunctions.googleapis.com/v2/projects/bosstracker-9f91f/locations/us-central1/operations/operation-1777450401144-65094ebc41fed-3d008158-beacbe44 {"name":"projects/bosstracker-9f91f/locations/us-central1/operations/operation-1777450401144-65094ebc41fed-3d008158-beacbe44","metadata":{"@type":"type.googleapis.com/google.cloud.functions.v2.OperationMetadata","createTime":"2026-04-29T08:13:21.640340639Z","target":"projects/bosstracker-9f91f/locations/us-central1/functions/joinGuildWithInvite","verb":"create","cancelRequested":false,"apiVersion":"v2","requestResource":{"@type":"type.googleapis.com/google.cloud.functions.v2.Function","name":"projects/bosstracker-9f91f/locations/us-central1/functions/joinGuildWithInvite","buildConfig":{"runtime":"nodejs20","entryPoint":"joinGuildWithInvite","source":{"storageSource":{"bucket":"gcf-v2-sources-551025639019-us-central1","object":"joinGuildWithInvite/function-source.zip","generation":"1777450401387484"}},"environmentVariables":{"GOOGLE_NODE_RUN_SCRIPTS":""},"serviceAccount":"projects/bosstracker-9f91f/serviceAccounts/551025639019-compute@developer.gserviceaccount.com","automaticUpdatePolicy":{}},"serviceConfig":{"service":"projects/bosstracker-9f91f/locations/us-central1/services/joinguildwithinvite","timeoutSeconds":60,"environmentVariables":{"FIREBASE_CONFIG":"{\"projectId\":\"bosstracker-9f91f\",\"storageBucket\":\"bosstracker-9f91f.firebasestorage.app\"}","GCLOUD_PROJECT":"bosstracker-9f91f","EVENTARC_CLOUD_EVENT_SOURCE":"projects/bosstracker-9f91f/locations/us-central1/services/joinGuildWithInvite","FUNCTION_TARGET":"joinGuildWithInvite","LOG_EXECUTION_ID":"true"},"ingressSettings":"ALLOW_ALL","serviceAccountEmail":"551025639019-compute@developer.gserviceaccount.com","availableMemory":"256Mi","maxInstanceRequestConcurrency":80,"availableCpu":"1"},"labels":{"deployment-tool":"cli-firebase","deployment-callable":"true","firebase-functions-hash":"8b2fd95938456000be1dc389f4c108f5eb1acb3f"},"environment":"GEN_2"},"stages":[{"name":"BUILD","message":"Build in progress","state":"IN_PROGRESS","resource":"projects/551025639019/locations/us-central1/builds/3c44402a-c77a-4c34-bde3-8869d200b824","resourceUri":"https://console.cloud.google.com/cloud-build/builds;region=us-central1/3c44402a-c77a-4c34-bde3-8869d200b824?project=551025639019"},{"name":"SERVICE","state":"NOT_STARTED"}],"operationType":"CREATE_FUNCTION","buildName":"projects/551025639019/locations/us-central1/builds/3c44402a-c77a-4c34-bde3-8869d200b824"},"done":false}
[debug] [2026-04-29T08:14:00.003Z] <<< [apiv2][status] GET https://cloudfunctions.googleapis.com/v2/projects/bosstracker-9f91f/locations/us-central1/operations/operation-1777450401222-65094ebc550bd-f7ac06f1-2b9792af 200
[debug] [2026-04-29T08:14:00.003Z] <<< [apiv2][body] GET https://cloudfunctions.googleapis.com/v2/projects/bosstracker-9f91f/locations/us-central1/operations/operation-1777450401222-65094ebc550bd-f7ac06f1-2b9792af {"name":"projects/bosstracker-9f91f/locations/us-central1/operations/operation-1777450401222-65094ebc550bd-f7ac06f1-2b9792af","metadata":{"@type":"type.googleapis.com/google.cloud.functions.v2.OperationMetadata","createTime":"2026-04-29T08:13:21.722753703Z","target":"projects/bosstracker-9f91f/locations/us-central1/functions/sendDueNotifications","verb":"create","cancelRequested":false,"apiVersion":"v2","requestResource":{"@type":"type.googleapis.com/google.cloud.functions.v2.Function","name":"projects/bosstracker-9f91f/locations/us-central1/functions/sendDueNotifications","buildConfig":{"runtime":"nodejs20","entryPoint":"sendDueNotifications","source":{"storageSource":{"bucket":"gcf-v2-sources-551025639019-us-central1","object":"sendDueNotifications/function-source.zip","generation":"1777450401449505"}},"environmentVariables":{"GOOGLE_NODE_RUN_SCRIPTS":""},"serviceAccount":"projects/bosstracker-9f91f/serviceAccounts/551025639019-compute@developer.gserviceaccount.com","automaticUpdatePolicy":{}},"serviceConfig":{"service":"projects/bosstracker-9f91f/locations/us-central1/services/sendduenotifications","timeoutSeconds":60,"environmentVariables":{"FIREBASE_CONFIG":"{\"projectId\":\"bosstracker-9f91f\",\"storageBucket\":\"bosstracker-9f91f.firebasestorage.app\"}","GCLOUD_PROJECT":"bosstracker-9f91f","EVENTARC_CLOUD_EVENT_SOURCE":"projects/bosstracker-9f91f/locations/us-central1/services/sendDueNotifications","FUNCTION_TARGET":"sendDueNotifications","LOG_EXECUTION_ID":"true"},"ingressSettings":"ALLOW_ALL","serviceAccountEmail":"551025639019-compute@developer.gserviceaccount.com","availableMemory":"256Mi","maxInstanceRequestConcurrency":80,"availableCpu":"1"},"labels":{"deployment-tool":"cli-firebase","deployment-scheduled":"true","firebase-functions-hash":"8b2fd95938456000be1dc389f4c108f5eb1acb3f"},"environment":"GEN_2"},"stages":[{"name":"BUILD","message":"Build in progress","state":"IN_PROGRESS","resource":"projects/551025639019/locations/us-central1/builds/1e2d8994-bb52-40c4-8825-a144853f9c28","resourceUri":"https://console.cloud.google.com/cloud-build/builds;region=us-central1/1e2d8994-bb52-40c4-8825-a144853f9c28?project=551025639019"},{"name":"SERVICE","state":"NOT_STARTED"}],"operationType":"CREATE_FUNCTION","buildName":"projects/551025639019/locations/us-central1/builds/1e2d8994-bb52-40c4-8825-a144853f9c28"},"done":false}
[debug] [2026-04-29T08:14:00.018Z] <<< [apiv2][status] GET https://cloudfunctions.googleapis.com/v2/projects/bosstracker-9f91f/locations/us-central1/operations/operation-1777450401221-65094ebc54a1b-bc67d985-96b782ad 200
[debug] [2026-04-29T08:14:00.018Z] <<< [apiv2][body] GET https://cloudfunctions.googleapis.com/v2/projects/bosstracker-9f91f/locations/us-central1/operations/operation-1777450401221-65094ebc54a1b-bc67d985-96b782ad {"name":"projects/bosstracker-9f91f/locations/us-central1/operations/operation-1777450401221-65094ebc54a1b-bc67d985-96b782ad","metadata":{"@type":"type.googleapis.com/google.cloud.functions.v2.OperationMetadata","createTime":"2026-04-29T08:13:21.708213189Z","target":"projects/bosstracker-9f91f/locations/us-central1/functions/registerBossDeath","verb":"create","cancelRequested":false,"apiVersion":"v2","requestResource":{"@type":"type.googleapis.com/google.cloud.functions.v2.Function","name":"projects/bosstracker-9f91f/locations/us-central1/functions/registerBossDeath","buildConfig":{"runtime":"nodejs20","entryPoint":"registerBossDeath","source":{"storageSource":{"bucket":"gcf-v2-sources-551025639019-us-central1","object":"registerBossDeath/function-source.zip","generation":"1777450401485020"}},"environmentVariables":{"GOOGLE_NODE_RUN_SCRIPTS":""},"serviceAccount":"projects/bosstracker-9f91f/serviceAccounts/551025639019-compute@developer.gserviceaccount.com","automaticUpdatePolicy":{}},"serviceConfig":{"service":"projects/bosstracker-9f91f/locations/us-central1/services/registerbossdeath","timeoutSeconds":60,"environmentVariables":{"FIREBASE_CONFIG":"{\"projectId\":\"bosstracker-9f91f\",\"storageBucket\":\"bosstracker-9f91f.firebasestorage.app\"}","GCLOUD_PROJECT":"bosstracker-9f91f","EVENTARC_CLOUD_EVENT_SOURCE":"projects/bosstracker-9f91f/locations/us-central1/services/registerBossDeath","FUNCTION_TARGET":"registerBossDeath","LOG_EXECUTION_ID":"true"},"ingressSettings":"ALLOW_ALL","serviceAccountEmail":"551025639019-compute@developer.gserviceaccount.com","availableMemory":"256Mi","maxInstanceRequestConcurrency":80,"availableCpu":"1"},"labels":{"deployment-tool":"cli-firebase","deployment-callable":"true","firebase-functions-hash":"8b2fd95938456000be1dc389f4c108f5eb1acb3f"},"environment":"GEN_2"},"stages":[{"name":"BUILD","message":"Build in progress","state":"IN_PROGRESS","resource":"projects/551025639019/locations/us-central1/builds/76119b9d-be25-4108-98dd-123be18e18bf","resourceUri":"https://console.cloud.google.com/cloud-build/builds;region=us-central1/76119b9d-be25-4108-98dd-123be18e18bf?project=551025639019"},{"name":"SERVICE","state":"NOT_STARTED"}],"operationType":"CREATE_FUNCTION","buildName":"projects/551025639019/locations/us-central1/builds/76119b9d-be25-4108-98dd-123be18e18bf"},"done":false}
[debug] [2026-04-29T08:14:09.913Z] [create-default-us-central1-joinGuildWithInvite] Retrying task index 0
[debug] [2026-04-29T08:14:09.913Z] Checked if tokens are valid: true, expires at: 1777453430618
[debug] [2026-04-29T08:14:09.913Z] Checked if tokens are valid: true, expires at: 1777453430618
[debug] [2026-04-29T08:14:09.913Z] >>> [apiv2][query] GET https://cloudfunctions.googleapis.com/v2/projects/bosstracker-9f91f/locations/us-central1/operations/operation-1777450401144-65094ebc41fed-3d008158-beacbe44 [none]
[debug] [2026-04-29T08:14:10.005Z] [create-default-us-central1-sendDueNotifications] Retrying task index 0
[debug] [2026-04-29T08:14:10.006Z] Checked if tokens are valid: true, expires at: 1777453430618
[debug] [2026-04-29T08:14:10.006Z] Checked if tokens are valid: true, expires at: 1777453430618
[debug] [2026-04-29T08:14:10.006Z] >>> [apiv2][query] GET https://cloudfunctions.googleapis.com/v2/projects/bosstracker-9f91f/locations/us-central1/operations/operation-1777450401222-65094ebc550bd-f7ac06f1-2b9792af [none]
[debug] [2026-04-29T08:14:10.020Z] [create-default-us-central1-registerBossDeath] Retrying task index 0
[debug] [2026-04-29T08:14:10.021Z] Checked if tokens are valid: true, expires at: 1777453430618
[debug] [2026-04-29T08:14:10.021Z] Checked if tokens are valid: true, expires at: 1777453430618
[debug] [2026-04-29T08:14:10.021Z] >>> [apiv2][query] GET https://cloudfunctions.googleapis.com/v2/projects/bosstracker-9f91f/locations/us-central1/operations/operation-1777450401221-65094ebc54a1b-bc67d985-96b782ad [none]
[debug] [2026-04-29T08:14:10.144Z] <<< [apiv2][status] GET https://cloudfunctions.googleapis.com/v2/projects/bosstracker-9f91f/locations/us-central1/operations/operation-1777450401144-65094ebc41fed-3d008158-beacbe44 200
[debug] [2026-04-29T08:14:10.144Z] <<< [apiv2][body] GET https://cloudfunctions.googleapis.com/v2/projects/bosstracker-9f91f/locations/us-central1/operations/operation-1777450401144-65094ebc41fed-3d008158-beacbe44 {"name":"projects/bosstracker-9f91f/locations/us-central1/operations/operation-1777450401144-65094ebc41fed-3d008158-beacbe44","metadata":{"@type":"type.googleapis.com/google.cloud.functions.v2.OperationMetadata","createTime":"2026-04-29T08:13:21.640340639Z","target":"projects/bosstracker-9f91f/locations/us-central1/functions/joinGuildWithInvite","verb":"create","cancelRequested":false,"apiVersion":"v2","requestResource":{"@type":"type.googleapis.com/google.cloud.functions.v2.Function","name":"projects/bosstracker-9f91f/locations/us-central1/functions/joinGuildWithInvite","buildConfig":{"runtime":"nodejs20","entryPoint":"joinGuildWithInvite","source":{"storageSource":{"bucket":"gcf-v2-sources-551025639019-us-central1","object":"joinGuildWithInvite/function-source.zip","generation":"1777450401387484"}},"environmentVariables":{"GOOGLE_NODE_RUN_SCRIPTS":""},"serviceAccount":"projects/bosstracker-9f91f/serviceAccounts/551025639019-compute@developer.gserviceaccount.com","automaticUpdatePolicy":{}},"serviceConfig":{"service":"projects/bosstracker-9f91f/locations/us-central1/services/joinguildwithinvite","timeoutSeconds":60,"environmentVariables":{"FIREBASE_CONFIG":"{\"projectId\":\"bosstracker-9f91f\",\"storageBucket\":\"bosstracker-9f91f.firebasestorage.app\"}","GCLOUD_PROJECT":"bosstracker-9f91f","EVENTARC_CLOUD_EVENT_SOURCE":"projects/bosstracker-9f91f/locations/us-central1/services/joinGuildWithInvite","FUNCTION_TARGET":"joinGuildWithInvite","LOG_EXECUTION_ID":"true"},"ingressSettings":"ALLOW_ALL","serviceAccountEmail":"551025639019-compute@developer.gserviceaccount.com","availableMemory":"256Mi","maxInstanceRequestConcurrency":80,"availableCpu":"1"},"labels":{"deployment-tool":"cli-firebase","deployment-callable":"true","firebase-functions-hash":"8b2fd95938456000be1dc389f4c108f5eb1acb3f"},"environment":"GEN_2"},"stages":[{"name":"BUILD","message":"Build in progress","state":"IN_PROGRESS","resource":"projects/551025639019/locations/us-central1/builds/3c44402a-c77a-4c34-bde3-8869d200b824","resourceUri":"https://console.cloud.google.com/cloud-build/builds;region=us-central1/3c44402a-c77a-4c34-bde3-8869d200b824?project=551025639019"},{"name":"SERVICE","state":"NOT_STARTED"}],"operationType":"CREATE_FUNCTION","buildName":"projects/551025639019/locations/us-central1/builds/3c44402a-c77a-4c34-bde3-8869d200b824"},"done":false}
[debug] [2026-04-29T08:14:10.444Z] <<< [apiv2][status] GET https://cloudfunctions.googleapis.com/v2/projects/bosstracker-9f91f/locations/us-central1/operations/operation-1777450401222-65094ebc550bd-f7ac06f1-2b9792af 200
[debug] [2026-04-29T08:14:10.444Z] <<< [apiv2][body] GET https://cloudfunctions.googleapis.com/v2/projects/bosstracker-9f91f/locations/us-central1/operations/operation-1777450401222-65094ebc550bd-f7ac06f1-2b9792af {"name":"projects/bosstracker-9f91f/locations/us-central1/operations/operation-1777450401222-65094ebc550bd-f7ac06f1-2b9792af","metadata":{"@type":"type.googleapis.com/google.cloud.functions.v2.OperationMetadata","createTime":"2026-04-29T08:13:21.722753703Z","target":"projects/bosstracker-9f91f/locations/us-central1/functions/sendDueNotifications","verb":"create","cancelRequested":false,"apiVersion":"v2","requestResource":{"@type":"type.googleapis.com/google.cloud.functions.v2.Function","name":"projects/bosstracker-9f91f/locations/us-central1/functions/sendDueNotifications","buildConfig":{"runtime":"nodejs20","entryPoint":"sendDueNotifications","source":{"storageSource":{"bucket":"gcf-v2-sources-551025639019-us-central1","object":"sendDueNotifications/function-source.zip","generation":"1777450401449505"}},"environmentVariables":{"GOOGLE_NODE_RUN_SCRIPTS":""},"serviceAccount":"projects/bosstracker-9f91f/serviceAccounts/551025639019-compute@developer.gserviceaccount.com","automaticUpdatePolicy":{}},"serviceConfig":{"service":"projects/bosstracker-9f91f/locations/us-central1/services/sendduenotifications","timeoutSeconds":60,"environmentVariables":{"FIREBASE_CONFIG":"{\"projectId\":\"bosstracker-9f91f\",\"storageBucket\":\"bosstracker-9f91f.firebasestorage.app\"}","GCLOUD_PROJECT":"bosstracker-9f91f","EVENTARC_CLOUD_EVENT_SOURCE":"projects/bosstracker-9f91f/locations/us-central1/services/sendDueNotifications","FUNCTION_TARGET":"sendDueNotifications","LOG_EXECUTION_ID":"true"},"ingressSettings":"ALLOW_ALL","serviceAccountEmail":"551025639019-compute@developer.gserviceaccount.com","availableMemory":"256Mi","maxInstanceRequestConcurrency":80,"availableCpu":"1"},"labels":{"deployment-tool":"cli-firebase","deployment-scheduled":"true","firebase-functions-hash":"8b2fd95938456000be1dc389f4c108f5eb1acb3f"},"environment":"GEN_2"},"stages":[{"name":"BUILD","message":"Build finished","state":"COMPLETE","resource":"projects/551025639019/locations/us-central1/builds/1e2d8994-bb52-40c4-8825-a144853f9c28","resourceUri":"https://console.cloud.google.com/cloud-build/builds;region=us-central1/1e2d8994-bb52-40c4-8825-a144853f9c28?project=551025639019"},{"name":"SERVICE","message":"Creating Cloud Run service","state":"IN_PROGRESS","resource":"projects/bosstracker-9f91f/locations/us-central1/services/sendduenotifications","resourceUri":"https://console.cloud.google.com/run/detail/us-central1/sendduenotifications?project=bosstracker-9f91f"}],"sourceToken":"Cldwcm9qZWN0cy81NTEwMjU2MzkwMTkvbG9jYXRpb25zL3VzLWNlbnRyYWwxL2J1aWxkcy8xZTJkODk5NC1iYjUyLTQwYzQtODgyNS1hMTQ0ODUzZjljMjgSfXVzLWNlbnRyYWwxLWRvY2tlci5wa2cuZGV2L2Jvc3N0cmFja2VyLTlmOTFmL2djZi1hcnRpZmFjdHMvYm9zc3RyYWNrZXItLTlmOTFmX191cy0tY2VudHJhbDFfX3NlbmRfZHVlX25vdGlmaWNhdGlvbnM6dmVyc2lvbl8xGOv8v92EECJPcHJvamVjdHMvYm9zc3RyYWNrZXItOWY5MWYvbG9jYXRpb25zL3VzLWNlbnRyYWwxL2Z1bmN0aW9ucy9zZW5kRHVlTm90aWZpY2F0aW9ucyoMCNH7xs8GEJC4j7IBMghub2RlanMyMDp2CiNnY3IuaW8vZ2FlLXJ1bnRpbWVzL25vZGVqczIwOnN0YWJsZRJPdXMtY2VudHJhbDEtZG9ja2VyLnBrZy5kZXYvc2VydmVybGVzcy1ydW50aW1lcy9nb29nbGUtMjItZnVsbC9ydW50aW1lcy9ub2RlanMyMEAB","operationType":"CREATE_FUNCTION","buildName":"projects/551025639019/locations/us-central1/builds/1e2d8994-bb52-40c4-8825-a144853f9c28"},"done":false}
[debug] [2026-04-29T08:14:10.444Z] Got source token Cldwcm9qZWN0cy81NTEwMjU2MzkwMTkvbG9jYXRpb25zL3VzLWNlbnRyYWwxL2J1aWxkcy8xZTJkODk5NC1iYjUyLTQwYzQtODgyNS1hMTQ0ODUzZjljMjgSfXVzLWNlbnRyYWwxLWRvY2tlci5wa2cuZGV2L2Jvc3N0cmFja2VyLTlmOTFmL2djZi1hcnRpZmFjdHMvYm9zc3RyYWNrZXItLTlmOTFmX191cy0tY2VudHJhbDFfX3NlbmRfZHVlX25vdGlmaWNhdGlvbnM6dmVyc2lvbl8xGOv8v92EECJPcHJvamVjdHMvYm9zc3RyYWNrZXItOWY5MWYvbG9jYXRpb25zL3VzLWNlbnRyYWwxL2Z1bmN0aW9ucy9zZW5kRHVlTm90aWZpY2F0aW9ucyoMCNH7xs8GEJC4j7IBMghub2RlanMyMDp2CiNnY3IuaW8vZ2FlLXJ1bnRpbWVzL25vZGVqczIwOnN0YWJsZRJPdXMtY2VudHJhbDEtZG9ja2VyLnBrZy5kZXYvc2VydmVybGVzcy1ydW50aW1lcy9nb29nbGUtMjItZnVsbC9ydW50aW1lcy9ub2RlanMyMEAB for region us-central1
[debug] [2026-04-29T08:14:10.467Z] <<< [apiv2][status] GET https://cloudfunctions.googleapis.com/v2/projects/bosstracker-9f91f/locations/us-central1/operations/operation-1777450401221-65094ebc54a1b-bc67d985-96b782ad 200
[debug] [2026-04-29T08:14:10.467Z] <<< [apiv2][body] GET https://cloudfunctions.googleapis.com/v2/projects/bosstracker-9f91f/locations/us-central1/operations/operation-1777450401221-65094ebc54a1b-bc67d985-96b782ad {"name":"projects/bosstracker-9f91f/locations/us-central1/operations/operation-1777450401221-65094ebc54a1b-bc67d985-96b782ad","metadata":{"@type":"type.googleapis.com/google.cloud.functions.v2.OperationMetadata","createTime":"2026-04-29T08:13:21.708213189Z","target":"projects/bosstracker-9f91f/locations/us-central1/functions/registerBossDeath","verb":"create","cancelRequested":false,"apiVersion":"v2","requestResource":{"@type":"type.googleapis.com/google.cloud.functions.v2.Function","name":"projects/bosstracker-9f91f/locations/us-central1/functions/registerBossDeath","buildConfig":{"runtime":"nodejs20","entryPoint":"registerBossDeath","source":{"storageSource":{"bucket":"gcf-v2-sources-551025639019-us-central1","object":"registerBossDeath/function-source.zip","generation":"1777450401485020"}},"environmentVariables":{"GOOGLE_NODE_RUN_SCRIPTS":""},"serviceAccount":"projects/bosstracker-9f91f/serviceAccounts/551025639019-compute@developer.gserviceaccount.com","automaticUpdatePolicy":{}},"serviceConfig":{"service":"projects/bosstracker-9f91f/locations/us-central1/services/registerbossdeath","timeoutSeconds":60,"environmentVariables":{"FIREBASE_CONFIG":"{\"projectId\":\"bosstracker-9f91f\",\"storageBucket\":\"bosstracker-9f91f.firebasestorage.app\"}","GCLOUD_PROJECT":"bosstracker-9f91f","EVENTARC_CLOUD_EVENT_SOURCE":"projects/bosstracker-9f91f/locations/us-central1/services/registerBossDeath","FUNCTION_TARGET":"registerBossDeath","LOG_EXECUTION_ID":"true"},"ingressSettings":"ALLOW_ALL","serviceAccountEmail":"551025639019-compute@developer.gserviceaccount.com","availableMemory":"256Mi","maxInstanceRequestConcurrency":80,"availableCpu":"1"},"labels":{"deployment-tool":"cli-firebase","deployment-callable":"true","firebase-functions-hash":"8b2fd95938456000be1dc389f4c108f5eb1acb3f"},"environment":"GEN_2"},"stages":[{"name":"BUILD","message":"Build finished","state":"COMPLETE","resource":"projects/551025639019/locations/us-central1/builds/76119b9d-be25-4108-98dd-123be18e18bf","resourceUri":"https://console.cloud.google.com/cloud-build/builds;region=us-central1/76119b9d-be25-4108-98dd-123be18e18bf?project=551025639019"},{"name":"SERVICE","message":"Creating Cloud Run service","state":"IN_PROGRESS","resource":"projects/bosstracker-9f91f/locations/us-central1/services/registerbossdeath","resourceUri":"https://console.cloud.google.com/run/detail/us-central1/registerbossdeath?project=bosstracker-9f91f"}],"sourceToken":"Cldwcm9qZWN0cy81NTEwMjU2MzkwMTkvbG9jYXRpb25zL3VzLWNlbnRyYWwxL2J1aWxkcy83NjExOWI5ZC1iZTI1LTQxMDgtOThkZC0xMjNiZTE4ZTE4YmYSenVzLWNlbnRyYWwxLWRvY2tlci5wa2cuZGV2L2Jvc3N0cmFja2VyLTlmOTFmL2djZi1hcnRpZmFjdHMvYm9zc3RyYWNrZXItLTlmOTFmX191cy0tY2VudHJhbDFfX3JlZ2lzdGVyX2Jvc3NfZGVhdGg6dmVyc2lvbl8xGOv8v92EECJMcHJvamVjdHMvYm9zc3RyYWNrZXItOWY5MWYvbG9jYXRpb25zL3VzLWNlbnRyYWwxL2Z1bmN0aW9ucy9yZWdpc3RlckJvc3NEZWF0aCoMCND7xs8GEIiPj8sCMghub2RlanMyMDp2CiNnY3IuaW8vZ2FlLXJ1bnRpbWVzL25vZGVqczIwOnN0YWJsZRJPdXMtY2VudHJhbDEtZG9ja2VyLnBrZy5kZXYvc2VydmVybGVzcy1ydW50aW1lcy9nb29nbGUtMjItZnVsbC9ydW50aW1lcy9ub2RlanMyMEAB","operationType":"CREATE_FUNCTION","buildName":"projects/551025639019/locations/us-central1/builds/76119b9d-be25-4108-98dd-123be18e18bf"},"done":false}
[debug] [2026-04-29T08:14:10.467Z] Got source token Cldwcm9qZWN0cy81NTEwMjU2MzkwMTkvbG9jYXRpb25zL3VzLWNlbnRyYWwxL2J1aWxkcy83NjExOWI5ZC1iZTI1LTQxMDgtOThkZC0xMjNiZTE4ZTE4YmYSenVzLWNlbnRyYWwxLWRvY2tlci5wa2cuZGV2L2Jvc3N0cmFja2VyLTlmOTFmL2djZi1hcnRpZmFjdHMvYm9zc3RyYWNrZXItLTlmOTFmX191cy0tY2VudHJhbDFfX3JlZ2lzdGVyX2Jvc3NfZGVhdGg6dmVyc2lvbl8xGOv8v92EECJMcHJvamVjdHMvYm9zc3RyYWNrZXItOWY5MWYvbG9jYXRpb25zL3VzLWNlbnRyYWwxL2Z1bmN0aW9ucy9yZWdpc3RlckJvc3NEZWF0aCoMCND7xs8GEIiPj8sCMghub2RlanMyMDp2CiNnY3IuaW8vZ2FlLXJ1bnRpbWVzL25vZGVqczIwOnN0YWJsZRJPdXMtY2VudHJhbDEtZG9ja2VyLnBrZy5kZXYvc2VydmVybGVzcy1ydW50aW1lcy9nb29nbGUtMjItZnVsbC9ydW50aW1lcy9ub2RlanMyMEAB for region us-central1
[debug] [2026-04-29T08:14:20.147Z] [create-default-us-central1-joinGuildWithInvite] Retrying task index 0
[debug] [2026-04-29T08:14:20.147Z] Checked if tokens are valid: true, expires at: 1777453430618
[debug] [2026-04-29T08:14:20.147Z] Checked if tokens are valid: true, expires at: 1777453430618
[debug] [2026-04-29T08:14:20.147Z] >>> [apiv2][query] GET https://cloudfunctions.googleapis.com/v2/projects/bosstracker-9f91f/locations/us-central1/operations/operation-1777450401144-65094ebc41fed-3d008158-beacbe44 [none]
[debug] [2026-04-29T08:14:20.353Z] <<< [apiv2][status] GET https://cloudfunctions.googleapis.com/v2/projects/bosstracker-9f91f/locations/us-central1/operations/operation-1777450401144-65094ebc41fed-3d008158-beacbe44 200
[debug] [2026-04-29T08:14:20.353Z] <<< [apiv2][body] GET https://cloudfunctions.googleapis.com/v2/projects/bosstracker-9f91f/locations/us-central1/operations/operation-1777450401144-65094ebc41fed-3d008158-beacbe44 {"name":"projects/bosstracker-9f91f/locations/us-central1/operations/operation-1777450401144-65094ebc41fed-3d008158-beacbe44","metadata":{"@type":"type.googleapis.com/google.cloud.functions.v2.OperationMetadata","createTime":"2026-04-29T08:13:21.640340639Z","target":"projects/bosstracker-9f91f/locations/us-central1/functions/joinGuildWithInvite","verb":"create","cancelRequested":false,"apiVersion":"v2","requestResource":{"@type":"type.googleapis.com/google.cloud.functions.v2.Function","name":"projects/bosstracker-9f91f/locations/us-central1/functions/joinGuildWithInvite","buildConfig":{"runtime":"nodejs20","entryPoint":"joinGuildWithInvite","source":{"storageSource":{"bucket":"gcf-v2-sources-551025639019-us-central1","object":"joinGuildWithInvite/function-source.zip","generation":"1777450401387484"}},"environmentVariables":{"GOOGLE_NODE_RUN_SCRIPTS":""},"serviceAccount":"projects/bosstracker-9f91f/serviceAccounts/551025639019-compute@developer.gserviceaccount.com","automaticUpdatePolicy":{}},"serviceConfig":{"service":"projects/bosstracker-9f91f/locations/us-central1/services/joinguildwithinvite","timeoutSeconds":60,"environmentVariables":{"FIREBASE_CONFIG":"{\"projectId\":\"bosstracker-9f91f\",\"storageBucket\":\"bosstracker-9f91f.firebasestorage.app\"}","GCLOUD_PROJECT":"bosstracker-9f91f","EVENTARC_CLOUD_EVENT_SOURCE":"projects/bosstracker-9f91f/locations/us-central1/services/joinGuildWithInvite","FUNCTION_TARGET":"joinGuildWithInvite","LOG_EXECUTION_ID":"true"},"ingressSettings":"ALLOW_ALL","serviceAccountEmail":"551025639019-compute@developer.gserviceaccount.com","availableMemory":"256Mi","maxInstanceRequestConcurrency":80,"availableCpu":"1"},"labels":{"deployment-tool":"cli-firebase","deployment-callable":"true","firebase-functions-hash":"8b2fd95938456000be1dc389f4c108f5eb1acb3f"},"environment":"GEN_2"},"stages":[{"name":"BUILD","message":"Build finished","state":"COMPLETE","resource":"projects/551025639019/locations/us-central1/builds/3c44402a-c77a-4c34-bde3-8869d200b824","resourceUri":"https://console.cloud.google.com/cloud-build/builds;region=us-central1/3c44402a-c77a-4c34-bde3-8869d200b824?project=551025639019"},{"name":"SERVICE","message":"Creating Cloud Run service","state":"IN_PROGRESS","resource":"projects/bosstracker-9f91f/locations/us-central1/services/joinguildwithinvite","resourceUri":"https://console.cloud.google.com/run/detail/us-central1/joinguildwithinvite?project=bosstracker-9f91f"}],"sourceToken":"Cldwcm9qZWN0cy81NTEwMjU2MzkwMTkvbG9jYXRpb25zL3VzLWNlbnRyYWwxL2J1aWxkcy8zYzQ0NDAyYS1jNzdhLTRjMzQtYmRlMy04ODY5ZDIwMGI4MjQSfXVzLWNlbnRyYWwxLWRvY2tlci5wa2cuZGV2L2Jvc3N0cmFja2VyLTlmOTFmL2djZi1hcnRpZmFjdHMvYm9zc3RyYWNrZXItLTlmOTFmX191cy0tY2VudHJhbDFfX2pvaW5fZ3VpbGRfd2l0aF9pbnZpdGU6dmVyc2lvbl8xGOv8v92EECJOcHJvamVjdHMvYm9zc3RyYWNrZXItOWY5MWYvbG9jYXRpb25zL3VzLWNlbnRyYWwxL2Z1bmN0aW9ucy9qb2luR3VpbGRXaXRoSW52aXRlKgwI2PvGzwYQqJfm9gIyCG5vZGVqczIwOnYKI2djci5pby9nYWUtcnVudGltZXMvbm9kZWpzMjA6c3RhYmxlEk91cy1jZW50cmFsMS1kb2NrZXIucGtnLmRldi9zZXJ2ZXJsZXNzLXJ1bnRpbWVzL2dvb2dsZS0yMi1mdWxsL3J1bnRpbWVzL25vZGVqczIwQAE=","operationType":"CREATE_FUNCTION","buildName":"projects/551025639019/locations/us-central1/builds/3c44402a-c77a-4c34-bde3-8869d200b824"},"done":false}
[debug] [2026-04-29T08:14:20.353Z] Got source token Cldwcm9qZWN0cy81NTEwMjU2MzkwMTkvbG9jYXRpb25zL3VzLWNlbnRyYWwxL2J1aWxkcy8zYzQ0NDAyYS1jNzdhLTRjMzQtYmRlMy04ODY5ZDIwMGI4MjQSfXVzLWNlbnRyYWwxLWRvY2tlci5wa2cuZGV2L2Jvc3N0cmFja2VyLTlmOTFmL2djZi1hcnRpZmFjdHMvYm9zc3RyYWNrZXItLTlmOTFmX191cy0tY2VudHJhbDFfX2pvaW5fZ3VpbGRfd2l0aF9pbnZpdGU6dmVyc2lvbl8xGOv8v92EECJOcHJvamVjdHMvYm9zc3RyYWNrZXItOWY5MWYvbG9jYXRpb25zL3VzLWNlbnRyYWwxL2Z1bmN0aW9ucy9qb2luR3VpbGRXaXRoSW52aXRlKgwI2PvGzwYQqJfm9gIyCG5vZGVqczIwOnYKI2djci5pby9nYWUtcnVudGltZXMvbm9kZWpzMjA6c3RhYmxlEk91cy1jZW50cmFsMS1kb2NrZXIucGtnLmRldi9zZXJ2ZXJsZXNzLXJ1bnRpbWVzL2dvb2dsZS0yMi1mdWxsL3J1bnRpbWVzL25vZGVqczIwQAE= for region us-central1
[debug] [2026-04-29T08:14:20.454Z] [create-default-us-central1-sendDueNotifications] Retrying task index 0
[debug] [2026-04-29T08:14:20.454Z] Checked if tokens are valid: true, expires at: 1777453430618
[debug] [2026-04-29T08:14:20.455Z] Checked if tokens are valid: true, expires at: 1777453430618
[debug] [2026-04-29T08:14:20.455Z] >>> [apiv2][query] GET https://cloudfunctions.googleapis.com/v2/projects/bosstracker-9f91f/locations/us-central1/operations/operation-1777450401222-65094ebc550bd-f7ac06f1-2b9792af [none]
[debug] [2026-04-29T08:14:20.470Z] [create-default-us-central1-registerBossDeath] Retrying task index 0
[debug] [2026-04-29T08:14:20.470Z] Checked if tokens are valid: true, expires at: 1777453430618
[debug] [2026-04-29T08:14:20.470Z] Checked if tokens are valid: true, expires at: 1777453430618
[debug] [2026-04-29T08:14:20.470Z] >>> [apiv2][query] GET https://cloudfunctions.googleapis.com/v2/projects/bosstracker-9f91f/locations/us-central1/operations/operation-1777450401221-65094ebc54a1b-bc67d985-96b782ad [none]
[debug] [2026-04-29T08:14:20.780Z] <<< [apiv2][status] GET https://cloudfunctions.googleapis.com/v2/projects/bosstracker-9f91f/locations/us-central1/operations/operation-1777450401222-65094ebc550bd-f7ac06f1-2b9792af 200
[debug] [2026-04-29T08:14:20.780Z] <<< [apiv2][body] GET https://cloudfunctions.googleapis.com/v2/projects/bosstracker-9f91f/locations/us-central1/operations/operation-1777450401222-65094ebc550bd-f7ac06f1-2b9792af {"name":"projects/bosstracker-9f91f/locations/us-central1/operations/operation-1777450401222-65094ebc550bd-f7ac06f1-2b9792af","metadata":{"@type":"type.googleapis.com/google.cloud.functions.v2.OperationMetadata","createTime":"2026-04-29T08:13:21.722753703Z","target":"projects/bosstracker-9f91f/locations/us-central1/functions/sendDueNotifications","verb":"create","cancelRequested":false,"apiVersion":"v2","requestResource":{"@type":"type.googleapis.com/google.cloud.functions.v2.Function","name":"projects/bosstracker-9f91f/locations/us-central1/functions/sendDueNotifications","buildConfig":{"runtime":"nodejs20","entryPoint":"sendDueNotifications","source":{"storageSource":{"bucket":"gcf-v2-sources-551025639019-us-central1","object":"sendDueNotifications/function-source.zip","generation":"1777450401449505"}},"environmentVariables":{"GOOGLE_NODE_RUN_SCRIPTS":""},"serviceAccount":"projects/bosstracker-9f91f/serviceAccounts/551025639019-compute@developer.gserviceaccount.com","automaticUpdatePolicy":{}},"serviceConfig":{"service":"projects/bosstracker-9f91f/locations/us-central1/services/sendduenotifications","timeoutSeconds":60,"environmentVariables":{"FIREBASE_CONFIG":"{\"projectId\":\"bosstracker-9f91f\",\"storageBucket\":\"bosstracker-9f91f.firebasestorage.app\"}","GCLOUD_PROJECT":"bosstracker-9f91f","EVENTARC_CLOUD_EVENT_SOURCE":"projects/bosstracker-9f91f/locations/us-central1/services/sendDueNotifications","FUNCTION_TARGET":"sendDueNotifications","LOG_EXECUTION_ID":"true"},"ingressSettings":"ALLOW_ALL","serviceAccountEmail":"551025639019-compute@developer.gserviceaccount.com","availableMemory":"256Mi","maxInstanceRequestConcurrency":80,"availableCpu":"1"},"labels":{"deployment-tool":"cli-firebase","deployment-scheduled":"true","firebase-functions-hash":"8b2fd95938456000be1dc389f4c108f5eb1acb3f"},"environment":"GEN_2"},"stages":[{"name":"BUILD","message":"Build finished","state":"COMPLETE","resource":"projects/551025639019/locations/us-central1/builds/1e2d8994-bb52-40c4-8825-a144853f9c28","resourceUri":"https://console.cloud.google.com/cloud-build/builds;region=us-central1/1e2d8994-bb52-40c4-8825-a144853f9c28?project=551025639019"},{"name":"SERVICE","message":"Creating Cloud Run service","state":"IN_PROGRESS","resource":"projects/bosstracker-9f91f/locations/us-central1/services/sendduenotifications","resourceUri":"https://console.cloud.google.com/run/detail/us-central1/sendduenotifications?project=bosstracker-9f91f"}],"sourceToken":"Cldwcm9qZWN0cy81NTEwMjU2MzkwMTkvbG9jYXRpb25zL3VzLWNlbnRyYWwxL2J1aWxkcy8xZTJkODk5NC1iYjUyLTQwYzQtODgyNS1hMTQ0ODUzZjljMjgSfXVzLWNlbnRyYWwxLWRvY2tlci5wa2cuZGV2L2Jvc3N0cmFja2VyLTlmOTFmL2djZi1hcnRpZmFjdHMvYm9zc3RyYWNrZXItLTlmOTFmX191cy0tY2VudHJhbDFfX3NlbmRfZHVlX25vdGlmaWNhdGlvbnM6dmVyc2lvbl8xGOv8v92EECJPcHJvamVjdHMvYm9zc3RyYWNrZXItOWY5MWYvbG9jYXRpb25zL3VzLWNlbnRyYWwxL2Z1bmN0aW9ucy9zZW5kRHVlTm90aWZpY2F0aW9ucyoMCNH7xs8GEJC4j7IBMghub2RlanMyMDp2CiNnY3IuaW8vZ2FlLXJ1bnRpbWVzL25vZGVqczIwOnN0YWJsZRJPdXMtY2VudHJhbDEtZG9ja2VyLnBrZy5kZXYvc2VydmVybGVzcy1ydW50aW1lcy9nb29nbGUtMjItZnVsbC9ydW50aW1lcy9ub2RlanMyMEAB","operationType":"CREATE_FUNCTION","buildName":"projects/551025639019/locations/us-central1/builds/1e2d8994-bb52-40c4-8825-a144853f9c28"},"done":false}
[debug] [2026-04-29T08:14:20.780Z] Got source token Cldwcm9qZWN0cy81NTEwMjU2MzkwMTkvbG9jYXRpb25zL3VzLWNlbnRyYWwxL2J1aWxkcy8xZTJkODk5NC1iYjUyLTQwYzQtODgyNS1hMTQ0ODUzZjljMjgSfXVzLWNlbnRyYWwxLWRvY2tlci5wa2cuZGV2L2Jvc3N0cmFja2VyLTlmOTFmL2djZi1hcnRpZmFjdHMvYm9zc3RyYWNrZXItLTlmOTFmX191cy0tY2VudHJhbDFfX3NlbmRfZHVlX25vdGlmaWNhdGlvbnM6dmVyc2lvbl8xGOv8v92EECJPcHJvamVjdHMvYm9zc3RyYWNrZXItOWY5MWYvbG9jYXRpb25zL3VzLWNlbnRyYWwxL2Z1bmN0aW9ucy9zZW5kRHVlTm90aWZpY2F0aW9ucyoMCNH7xs8GEJC4j7IBMghub2RlanMyMDp2CiNnY3IuaW8vZ2FlLXJ1bnRpbWVzL25vZGVqczIwOnN0YWJsZRJPdXMtY2VudHJhbDEtZG9ja2VyLnBrZy5kZXYvc2VydmVybGVzcy1ydW50aW1lcy9nb29nbGUtMjItZnVsbC9ydW50aW1lcy9ub2RlanMyMEAB for region us-central1
[debug] [2026-04-29T08:14:20.902Z] <<< [apiv2][status] GET https://cloudfunctions.googleapis.com/v2/projects/bosstracker-9f91f/locations/us-central1/operations/operation-1777450401221-65094ebc54a1b-bc67d985-96b782ad 200
[debug] [2026-04-29T08:14:20.902Z] <<< [apiv2][body] GET https://cloudfunctions.googleapis.com/v2/projects/bosstracker-9f91f/locations/us-central1/operations/operation-1777450401221-65094ebc54a1b-bc67d985-96b782ad {"name":"projects/bosstracker-9f91f/locations/us-central1/operations/operation-1777450401221-65094ebc54a1b-bc67d985-96b782ad","metadata":{"@type":"type.googleapis.com/google.cloud.functions.v2.OperationMetadata","createTime":"2026-04-29T08:13:21.708213189Z","target":"projects/bosstracker-9f91f/locations/us-central1/functions/registerBossDeath","verb":"create","cancelRequested":false,"apiVersion":"v2","requestResource":{"@type":"type.googleapis.com/google.cloud.functions.v2.Function","name":"projects/bosstracker-9f91f/locations/us-central1/functions/registerBossDeath","buildConfig":{"runtime":"nodejs20","entryPoint":"registerBossDeath","source":{"storageSource":{"bucket":"gcf-v2-sources-551025639019-us-central1","object":"registerBossDeath/function-source.zip","generation":"1777450401485020"}},"environmentVariables":{"GOOGLE_NODE_RUN_SCRIPTS":""},"serviceAccount":"projects/bosstracker-9f91f/serviceAccounts/551025639019-compute@developer.gserviceaccount.com","automaticUpdatePolicy":{}},"serviceConfig":{"service":"projects/bosstracker-9f91f/locations/us-central1/services/registerbossdeath","timeoutSeconds":60,"environmentVariables":{"FIREBASE_CONFIG":"{\"projectId\":\"bosstracker-9f91f\",\"storageBucket\":\"bosstracker-9f91f.firebasestorage.app\"}","GCLOUD_PROJECT":"bosstracker-9f91f","EVENTARC_CLOUD_EVENT_SOURCE":"projects/bosstracker-9f91f/locations/us-central1/services/registerBossDeath","FUNCTION_TARGET":"registerBossDeath","LOG_EXECUTION_ID":"true"},"ingressSettings":"ALLOW_ALL","serviceAccountEmail":"551025639019-compute@developer.gserviceaccount.com","availableMemory":"256Mi","maxInstanceRequestConcurrency":80,"availableCpu":"1"},"labels":{"deployment-tool":"cli-firebase","deployment-callable":"true","firebase-functions-hash":"8b2fd95938456000be1dc389f4c108f5eb1acb3f"},"environment":"GEN_2"},"stages":[{"name":"BUILD","message":"Build finished","state":"COMPLETE","resource":"projects/551025639019/locations/us-central1/builds/76119b9d-be25-4108-98dd-123be18e18bf","resourceUri":"https://console.cloud.google.com/cloud-build/builds;region=us-central1/76119b9d-be25-4108-98dd-123be18e18bf?project=551025639019"},{"name":"SERVICE","message":"Creating Cloud Run service","state":"IN_PROGRESS","resource":"projects/bosstracker-9f91f/locations/us-central1/services/registerbossdeath","resourceUri":"https://console.cloud.google.com/run/detail/us-central1/registerbossdeath?project=bosstracker-9f91f"}],"sourceToken":"Cldwcm9qZWN0cy81NTEwMjU2MzkwMTkvbG9jYXRpb25zL3VzLWNlbnRyYWwxL2J1aWxkcy83NjExOWI5ZC1iZTI1LTQxMDgtOThkZC0xMjNiZTE4ZTE4YmYSenVzLWNlbnRyYWwxLWRvY2tlci5wa2cuZGV2L2Jvc3N0cmFja2VyLTlmOTFmL2djZi1hcnRpZmFjdHMvYm9zc3RyYWNrZXItLTlmOTFmX191cy0tY2VudHJhbDFfX3JlZ2lzdGVyX2Jvc3NfZGVhdGg6dmVyc2lvbl8xGOv8v92EECJMcHJvamVjdHMvYm9zc3RyYWNrZXItOWY5MWYvbG9jYXRpb25zL3VzLWNlbnRyYWwxL2Z1bmN0aW9ucy9yZWdpc3RlckJvc3NEZWF0aCoMCND7xs8GEIiPj8sCMghub2RlanMyMDp2CiNnY3IuaW8vZ2FlLXJ1bnRpbWVzL25vZGVqczIwOnN0YWJsZRJPdXMtY2VudHJhbDEtZG9ja2VyLnBrZy5kZXYvc2VydmVybGVzcy1ydW50aW1lcy9nb29nbGUtMjItZnVsbC9ydW50aW1lcy9ub2RlanMyMEAB","operationType":"CREATE_FUNCTION","buildName":"projects/551025639019/locations/us-central1/builds/76119b9d-be25-4108-98dd-123be18e18bf"},"done":false}
[debug] [2026-04-29T08:14:20.902Z] Got source token Cldwcm9qZWN0cy81NTEwMjU2MzkwMTkvbG9jYXRpb25zL3VzLWNlbnRyYWwxL2J1aWxkcy83NjExOWI5ZC1iZTI1LTQxMDgtOThkZC0xMjNiZTE4ZTE4YmYSenVzLWNlbnRyYWwxLWRvY2tlci5wa2cuZGV2L2Jvc3N0cmFja2VyLTlmOTFmL2djZi1hcnRpZmFjdHMvYm9zc3RyYWNrZXItLTlmOTFmX191cy0tY2VudHJhbDFfX3JlZ2lzdGVyX2Jvc3NfZGVhdGg6dmVyc2lvbl8xGOv8v92EECJMcHJvamVjdHMvYm9zc3RyYWNrZXItOWY5MWYvbG9jYXRpb25zL3VzLWNlbnRyYWwxL2Z1bmN0aW9ucy9yZWdpc3RlckJvc3NEZWF0aCoMCND7xs8GEIiPj8sCMghub2RlanMyMDp2CiNnY3IuaW8vZ2FlLXJ1bnRpbWVzL25vZGVqczIwOnN0YWJsZRJPdXMtY2VudHJhbDEtZG9ja2VyLnBrZy5kZXYvc2VydmVybGVzcy1ydW50aW1lcy9nb29nbGUtMjItZnVsbC9ydW50aW1lcy9ub2RlanMyMEAB for region us-central1
[debug] [2026-04-29T08:14:30.361Z] [create-default-us-central1-joinGuildWithInvite] Retrying task index 0
[debug] [2026-04-29T08:14:30.361Z] Checked if tokens are valid: true, expires at: 1777453430618
[debug] [2026-04-29T08:14:30.361Z] Checked if tokens are valid: true, expires at: 1777453430618
[debug] [2026-04-29T08:14:30.361Z] >>> [apiv2][query] GET https://cloudfunctions.googleapis.com/v2/projects/bosstracker-9f91f/locations/us-central1/operations/operation-1777450401144-65094ebc41fed-3d008158-beacbe44 [none]
[debug] [2026-04-29T08:14:30.775Z] <<< [apiv2][status] GET https://cloudfunctions.googleapis.com/v2/projects/bosstracker-9f91f/locations/us-central1/operations/operation-1777450401144-65094ebc41fed-3d008158-beacbe44 200
[debug] [2026-04-29T08:14:30.775Z] <<< [apiv2][body] GET https://cloudfunctions.googleapis.com/v2/projects/bosstracker-9f91f/locations/us-central1/operations/operation-1777450401144-65094ebc41fed-3d008158-beacbe44 {"name":"projects/bosstracker-9f91f/locations/us-central1/operations/operation-1777450401144-65094ebc41fed-3d008158-beacbe44","metadata":{"@type":"type.googleapis.com/google.cloud.functions.v2.OperationMetadata","createTime":"2026-04-29T08:13:21.640340639Z","endTime":"2026-04-29T08:14:26.109564147Z","target":"projects/bosstracker-9f91f/locations/us-central1/functions/joinGuildWithInvite","verb":"create","cancelRequested":false,"apiVersion":"v2","requestResource":{"@type":"type.googleapis.com/google.cloud.functions.v2.Function","name":"projects/bosstracker-9f91f/locations/us-central1/functions/joinGuildWithInvite","buildConfig":{"runtime":"nodejs20","entryPoint":"joinGuildWithInvite","source":{"storageSource":{"bucket":"gcf-v2-sources-551025639019-us-central1","object":"joinGuildWithInvite/function-source.zip","generation":"1777450401387484"}},"environmentVariables":{"GOOGLE_NODE_RUN_SCRIPTS":""},"serviceAccount":"projects/bosstracker-9f91f/serviceAccounts/551025639019-compute@developer.gserviceaccount.com","automaticUpdatePolicy":{}},"serviceConfig":{"service":"projects/bosstracker-9f91f/locations/us-central1/services/joinguildwithinvite","timeoutSeconds":60,"environmentVariables":{"FIREBASE_CONFIG":"{\"projectId\":\"bosstracker-9f91f\",\"storageBucket\":\"bosstracker-9f91f.firebasestorage.app\"}","GCLOUD_PROJECT":"bosstracker-9f91f","EVENTARC_CLOUD_EVENT_SOURCE":"projects/bosstracker-9f91f/locations/us-central1/services/joinGuildWithInvite","FUNCTION_TARGET":"joinGuildWithInvite","LOG_EXECUTION_ID":"true"},"ingressSettings":"ALLOW_ALL","serviceAccountEmail":"551025639019-compute@developer.gserviceaccount.com","availableMemory":"256Mi","maxInstanceRequestConcurrency":80,"availableCpu":"1"},"labels":{"deployment-tool":"cli-firebase","deployment-callable":"true","firebase-functions-hash":"8b2fd95938456000be1dc389f4c108f5eb1acb3f"},"environment":"GEN_2"},"stages":[{"name":"BUILD","message":"Build finished","state":"COMPLETE","resource":"projects/551025639019/locations/us-central1/builds/3c44402a-c77a-4c34-bde3-8869d200b824","resourceUri":"https://console.cloud.google.com/cloud-build/builds;region=us-central1/3c44402a-c77a-4c34-bde3-8869d200b824?project=551025639019"},{"name":"SERVICE","message":"Creating Cloud Run service","state":"COMPLETE","resource":"projects/bosstracker-9f91f/locations/us-central1/services/joinguildwithinvite","resourceUri":"https://console.cloud.google.com/run/detail/us-central1/joinguildwithinvite?project=bosstracker-9f91f"}],"sourceToken":"Cldwcm9qZWN0cy81NTEwMjU2MzkwMTkvbG9jYXRpb25zL3VzLWNlbnRyYWwxL2J1aWxkcy8zYzQ0NDAyYS1jNzdhLTRjMzQtYmRlMy04ODY5ZDIwMGI4MjQSfXVzLWNlbnRyYWwxLWRvY2tlci5wa2cuZGV2L2Jvc3N0cmFja2VyLTlmOTFmL2djZi1hcnRpZmFjdHMvYm9zc3RyYWNrZXItLTlmOTFmX191cy0tY2VudHJhbDFfX2pvaW5fZ3VpbGRfd2l0aF9pbnZpdGU6dmVyc2lvbl8xGOv8v92EECJOcHJvamVjdHMvYm9zc3RyYWNrZXItOWY5MWYvbG9jYXRpb25zL3VzLWNlbnRyYWwxL2Z1bmN0aW9ucy9qb2luR3VpbGRXaXRoSW52aXRlKgwI2PvGzwYQqJfm9gIyCG5vZGVqczIwOnYKI2djci5pby9nYWUtcnVudGltZXMvbm9kZWpzMjA6c3RhYmxlEk91cy1jZW50cmFsMS1kb2NrZXIucGtnLmRldi9zZXJ2ZXJsZXNzLXJ1bnRpbWVzL2dvb2dsZS0yMi1mdWxsL3J1bnRpbWVzL25vZGVqczIwQAE=","operationType":"CREATE_FUNCTION","buildName":"projects/551025639019/locations/us-central1/builds/3c44402a-c77a-4c34-bde3-8869d200b824"},"done":true,"response":{"@type":"type.googleapis.com/google.cloud.functions.v2.Function","name":"projects/bosstracker-9f91f/locations/us-central1/functions/joinGuildWithInvite","buildConfig":{"build":"projects/551025639019/locations/us-central1/builds/3c44402a-c77a-4c34-bde3-8869d200b824","runtime":"nodejs20","entryPoint":"joinGuildWithInvite","source":{"storageSource":{"bucket":"gcf-v2-sources-551025639019-us-central1","object":"joinGuildWithInvite/function-source.zip","generation":"1777450401387484"}},"environmentVariables":{"GOOGLE_NODE_RUN_SCRIPTS":""},"dockerRepository":"projects/bosstracker-9f91f/locations/us-central1/repositories/gcf-artifacts","sourceProvenance":{"resolvedStorageSource":{"bucket":"gcf-v2-sources-551025639019-us-central1","object":"joinGuildWithInvite/function-source.zip","generation":"1777450401387484"}},"dockerRegistry":"ARTIFACT_REGISTRY","serviceAccount":"projects/bosstracker-9f91f/serviceAccounts/551025639019-compute@developer.gserviceaccount.com","automaticUpdatePolicy":{}},"serviceConfig":{"service":"projects/bosstracker-9f91f/locations/us-central1/services/joinguildwithinvite","timeoutSeconds":60,"environmentVariables":{"FIREBASE_CONFIG":"{\"projectId\":\"bosstracker-9f91f\",\"storageBucket\":\"bosstracker-9f91f.firebasestorage.app\"}","GCLOUD_PROJECT":"bosstracker-9f91f","EVENTARC_CLOUD_EVENT_SOURCE":"projects/bosstracker-9f91f/locations/us-central1/services/joinGuildWithInvite","FUNCTION_TARGET":"joinGuildWithInvite","LOG_EXECUTION_ID":"true"},"ingressSettings":"ALLOW_ALL","uri":"https://joinguildwithinvite-nut2cjdbma-uc.a.run.app","serviceAccountEmail":"551025639019-compute@developer.gserviceaccount.com","availableMemory":"256Mi","allTrafficOnLatestRevision":true,"revision":"joinguildwithinvite-00001-yof","maxInstanceRequestConcurrency":80,"availableCpu":"1"},"state":"ACTIVE","updateTime":"2026-04-29T08:13:21.634223721Z","labels":{"deployment-tool":"cli-firebase","deployment-callable":"true","firebase-functions-hash":"8b2fd95938456000be1dc389f4c108f5eb1acb3f"},"environment":"GEN_2","url":"https://us-central1-bosstracker-9f91f.cloudfunctions.net/joinGuildWithInvite","createTime":"2026-04-29T08:13:21.634223721Z","satisfiesPzi":true}}
[debug] [2026-04-29T08:14:30.775Z] Got source token Cldwcm9qZWN0cy81NTEwMjU2MzkwMTkvbG9jYXRpb25zL3VzLWNlbnRyYWwxL2J1aWxkcy8zYzQ0NDAyYS1jNzdhLTRjMzQtYmRlMy04ODY5ZDIwMGI4MjQSfXVzLWNlbnRyYWwxLWRvY2tlci5wa2cuZGV2L2Jvc3N0cmFja2VyLTlmOTFmL2djZi1hcnRpZmFjdHMvYm9zc3RyYWNrZXItLTlmOTFmX191cy0tY2VudHJhbDFfX2pvaW5fZ3VpbGRfd2l0aF9pbnZpdGU6dmVyc2lvbl8xGOv8v92EECJOcHJvamVjdHMvYm9zc3RyYWNrZXItOWY5MWYvbG9jYXRpb25zL3VzLWNlbnRyYWwxL2Z1bmN0aW9ucy9qb2luR3VpbGRXaXRoSW52aXRlKgwI2PvGzwYQqJfm9gIyCG5vZGVqczIwOnYKI2djci5pby9nYWUtcnVudGltZXMvbm9kZWpzMjA6c3RhYmxlEk91cy1jZW50cmFsMS1kb2NrZXIucGtnLmRldi9zZXJ2ZXJsZXNzLXJ1bnRpbWVzL2dvb2dsZS0yMi1mdWxsL3J1bnRpbWVzL25vZGVqczIwQAE= for region us-central1
[debug] [2026-04-29T08:14:30.776Z] Checked if tokens are valid: true, expires at: 1777453430618
[debug] [2026-04-29T08:14:30.776Z] Checked if tokens are valid: true, expires at: 1777453430618
[debug] [2026-04-29T08:14:30.776Z] >>> [apiv2][query] POST https://run.googleapis.com/v1/projects/bosstracker-9f91f/locations/us-central1/services/joinguildwithinvite:setIamPolicy [none]
[debug] [2026-04-29T08:14:30.776Z] >>> [apiv2][body] POST https://run.googleapis.com/v1/projects/bosstracker-9f91f/locations/us-central1/services/joinguildwithinvite:setIamPolicy {"policy":{"bindings":[{"role":"roles/run.invoker","members":["allUsers"]}],"etag":"","version":3},"updateMask":"bindings,etag,version"}
[debug] [2026-04-29T08:14:30.790Z] [create-default-us-central1-sendDueNotifications] Retrying task index 0
[debug] [2026-04-29T08:14:30.790Z] Checked if tokens are valid: true, expires at: 1777453430618
[debug] [2026-04-29T08:14:30.790Z] Checked if tokens are valid: true, expires at: 1777453430618
[debug] [2026-04-29T08:14:30.790Z] >>> [apiv2][query] GET https://cloudfunctions.googleapis.com/v2/projects/bosstracker-9f91f/locations/us-central1/operations/operation-1777450401222-65094ebc550bd-f7ac06f1-2b9792af [none]
[debug] [2026-04-29T08:14:30.904Z] [create-default-us-central1-registerBossDeath] Retrying task index 0
[debug] [2026-04-29T08:14:30.904Z] Checked if tokens are valid: true, expires at: 1777453430618
[debug] [2026-04-29T08:14:30.904Z] Checked if tokens are valid: true, expires at: 1777453430618
[debug] [2026-04-29T08:14:30.904Z] >>> [apiv2][query] GET https://cloudfunctions.googleapis.com/v2/projects/bosstracker-9f91f/locations/us-central1/operations/operation-1777450401221-65094ebc54a1b-bc67d985-96b782ad [none]
[debug] [2026-04-29T08:14:30.905Z] <<< [apiv2][status] GET https://cloudfunctions.googleapis.com/v2/projects/bosstracker-9f91f/locations/us-central1/operations/operation-1777450401222-65094ebc550bd-f7ac06f1-2b9792af 200
[debug] [2026-04-29T08:14:30.905Z] <<< [apiv2][body] GET https://cloudfunctions.googleapis.com/v2/projects/bosstracker-9f91f/locations/us-central1/operations/operation-1777450401222-65094ebc550bd-f7ac06f1-2b9792af {"name":"projects/bosstracker-9f91f/locations/us-central1/operations/operation-1777450401222-65094ebc550bd-f7ac06f1-2b9792af","metadata":{"@type":"type.googleapis.com/google.cloud.functions.v2.OperationMetadata","createTime":"2026-04-29T08:13:21.722753703Z","endTime":"2026-04-29T08:14:26.527581573Z","target":"projects/bosstracker-9f91f/locations/us-central1/functions/sendDueNotifications","verb":"create","cancelRequested":false,"apiVersion":"v2","requestResource":{"@type":"type.googleapis.com/google.cloud.functions.v2.Function","name":"projects/bosstracker-9f91f/locations/us-central1/functions/sendDueNotifications","buildConfig":{"runtime":"nodejs20","entryPoint":"sendDueNotifications","source":{"storageSource":{"bucket":"gcf-v2-sources-551025639019-us-central1","object":"sendDueNotifications/function-source.zip","generation":"1777450401449505"}},"environmentVariables":{"GOOGLE_NODE_RUN_SCRIPTS":""},"serviceAccount":"projects/bosstracker-9f91f/serviceAccounts/551025639019-compute@developer.gserviceaccount.com","automaticUpdatePolicy":{}},"serviceConfig":{"service":"projects/bosstracker-9f91f/locations/us-central1/services/sendduenotifications","timeoutSeconds":60,"environmentVariables":{"FIREBASE_CONFIG":"{\"projectId\":\"bosstracker-9f91f\",\"storageBucket\":\"bosstracker-9f91f.firebasestorage.app\"}","GCLOUD_PROJECT":"bosstracker-9f91f","EVENTARC_CLOUD_EVENT_SOURCE":"projects/bosstracker-9f91f/locations/us-central1/services/sendDueNotifications","FUNCTION_TARGET":"sendDueNotifications","LOG_EXECUTION_ID":"true"},"ingressSettings":"ALLOW_ALL","serviceAccountEmail":"551025639019-compute@developer.gserviceaccount.com","availableMemory":"256Mi","maxInstanceRequestConcurrency":80,"availableCpu":"1"},"labels":{"deployment-tool":"cli-firebase","deployment-scheduled":"true","firebase-functions-hash":"8b2fd95938456000be1dc389f4c108f5eb1acb3f"},"environment":"GEN_2"},"stages":[{"name":"BUILD","message":"Build finished","state":"COMPLETE","resource":"projects/551025639019/locations/us-central1/builds/1e2d8994-bb52-40c4-8825-a144853f9c28","resourceUri":"https://console.cloud.google.com/cloud-build/builds;region=us-central1/1e2d8994-bb52-40c4-8825-a144853f9c28?project=551025639019"},{"name":"SERVICE","message":"Creating Cloud Run service","state":"COMPLETE","resource":"projects/bosstracker-9f91f/locations/us-central1/services/sendduenotifications","resourceUri":"https://console.cloud.google.com/run/detail/us-central1/sendduenotifications?project=bosstracker-9f91f"}],"sourceToken":"Cldwcm9qZWN0cy81NTEwMjU2MzkwMTkvbG9jYXRpb25zL3VzLWNlbnRyYWwxL2J1aWxkcy8xZTJkODk5NC1iYjUyLTQwYzQtODgyNS1hMTQ0ODUzZjljMjgSfXVzLWNlbnRyYWwxLWRvY2tlci5wa2cuZGV2L2Jvc3N0cmFja2VyLTlmOTFmL2djZi1hcnRpZmFjdHMvYm9zc3RyYWNrZXItLTlmOTFmX191cy0tY2VudHJhbDFfX3NlbmRfZHVlX25vdGlmaWNhdGlvbnM6dmVyc2lvbl8xGOv8v92EECJPcHJvamVjdHMvYm9zc3RyYWNrZXItOWY5MWYvbG9jYXRpb25zL3VzLWNlbnRyYWwxL2Z1bmN0aW9ucy9zZW5kRHVlTm90aWZpY2F0aW9ucyoMCNH7xs8GEJC4j7IBMghub2RlanMyMDp2CiNnY3IuaW8vZ2FlLXJ1bnRpbWVzL25vZGVqczIwOnN0YWJsZRJPdXMtY2VudHJhbDEtZG9ja2VyLnBrZy5kZXYvc2VydmVybGVzcy1ydW50aW1lcy9nb29nbGUtMjItZnVsbC9ydW50aW1lcy9ub2RlanMyMEAB","operationType":"CREATE_FUNCTION","buildName":"projects/551025639019/locations/us-central1/builds/1e2d8994-bb52-40c4-8825-a144853f9c28"},"done":true,"response":{"@type":"type.googleapis.com/google.cloud.functions.v2.Function","name":"projects/bosstracker-9f91f/locations/us-central1/functions/sendDueNotifications","buildConfig":{"build":"projects/551025639019/locations/us-central1/builds/1e2d8994-bb52-40c4-8825-a144853f9c28","runtime":"nodejs20","entryPoint":"sendDueNotifications","source":{"storageSource":{"bucket":"gcf-v2-sources-551025639019-us-central1","object":"sendDueNotifications/function-source.zip","generation":"1777450401449505"}},"environmentVariables":{"GOOGLE_NODE_RUN_SCRIPTS":""},"dockerRepository":"projects/bosstracker-9f91f/locations/us-central1/repositories/gcf-artifacts","sourceProvenance":{"resolvedStorageSource":{"bucket":"gcf-v2-sources-551025639019-us-central1","object":"sendDueNotifications/function-source.zip","generation":"1777450401449505"}},"dockerRegistry":"ARTIFACT_REGISTRY","serviceAccount":"projects/bosstracker-9f91f/serviceAccounts/551025639019-compute@developer.gserviceaccount.com","automaticUpdatePolicy":{}},"serviceConfig":{"service":"projects/bosstracker-9f91f/locations/us-central1/services/sendduenotifications","timeoutSeconds":60,"environmentVariables":{"FIREBASE_CONFIG":"{\"projectId\":\"bosstracker-9f91f\",\"storageBucket\":\"bosstracker-9f91f.firebasestorage.app\"}","GCLOUD_PROJECT":"bosstracker-9f91f","EVENTARC_CLOUD_EVENT_SOURCE":"projects/bosstracker-9f91f/locations/us-central1/services/sendDueNotifications","FUNCTION_TARGET":"sendDueNotifications","LOG_EXECUTION_ID":"true"},"ingressSettings":"ALLOW_ALL","uri":"https://sendduenotifications-nut2cjdbma-uc.a.run.app","serviceAccountEmail":"551025639019-compute@developer.gserviceaccount.com","availableMemory":"256Mi","allTrafficOnLatestRevision":true,"revision":"sendduenotifications-00001-voy","maxInstanceRequestConcurrency":80,"availableCpu":"1"},"state":"ACTIVE","updateTime":"2026-04-29T08:13:21.717462772Z","labels":{"deployment-scheduled":"true","firebase-functions-hash":"8b2fd95938456000be1dc389f4c108f5eb1acb3f","deployment-tool":"cli-firebase"},"environment":"GEN_2","url":"https://us-central1-bosstracker-9f91f.cloudfunctions.net/sendDueNotifications","createTime":"2026-04-29T08:13:21.717462772Z","satisfiesPzi":true}}
[debug] [2026-04-29T08:14:30.905Z] Got source token Cldwcm9qZWN0cy81NTEwMjU2MzkwMTkvbG9jYXRpb25zL3VzLWNlbnRyYWwxL2J1aWxkcy8xZTJkODk5NC1iYjUyLTQwYzQtODgyNS1hMTQ0ODUzZjljMjgSfXVzLWNlbnRyYWwxLWRvY2tlci5wa2cuZGV2L2Jvc3N0cmFja2VyLTlmOTFmL2djZi1hcnRpZmFjdHMvYm9zc3RyYWNrZXItLTlmOTFmX191cy0tY2VudHJhbDFfX3NlbmRfZHVlX25vdGlmaWNhdGlvbnM6dmVyc2lvbl8xGOv8v92EECJPcHJvamVjdHMvYm9zc3RyYWNrZXItOWY5MWYvbG9jYXRpb25zL3VzLWNlbnRyYWwxL2Z1bmN0aW9ucy9zZW5kRHVlTm90aWZpY2F0aW9ucyoMCNH7xs8GEJC4j7IBMghub2RlanMyMDp2CiNnY3IuaW8vZ2FlLXJ1bnRpbWVzL25vZGVqczIwOnN0YWJsZRJPdXMtY2VudHJhbDEtZG9ja2VyLnBrZy5kZXYvc2VydmVybGVzcy1ydW50aW1lcy9nb29nbGUtMjItZnVsbC9ydW50aW1lcy9ub2RlanMyMEAB for region us-central1
[debug] [2026-04-29T08:14:30.905Z] Checked if tokens are valid: true, expires at: 1777453430618
[debug] [2026-04-29T08:14:30.905Z] Checked if tokens are valid: true, expires at: 1777453430618
[debug] [2026-04-29T08:14:30.905Z] >>> [apiv2][query] GET https://compute.googleapis.com/compute/v1/projects/551025639019 [none]
[debug] [2026-04-29T08:14:31.114Z] <<< [apiv2][status] GET https://compute.googleapis.com/compute/v1/projects/551025639019 403
[debug] [2026-04-29T08:14:31.114Z] <<< [apiv2][body] GET https://compute.googleapis.com/compute/v1/projects/551025639019 {"error":{"code":403,"message":"Compute Engine API has not been used in project 551025639019 before or it is disabled. Enable it by visiting https://console.developers.google.com/apis/api/compute.googleapis.com/overview?project=551025639019 then retry. If you enabled this API recently, wait a few minutes for the action to propagate to our systems and retry.","errors":[{"message":"Compute Engine API has not been used in project 551025639019 before or it is disabled. Enable it by visiting https://console.developers.google.com/apis/api/compute.googleapis.com/overview?project=551025639019 then retry. If you enabled this API recently, wait a few minutes for the action to propagate to our systems and retry.","domain":"usageLimits","reason":"accessNotConfigured","extendedHelp":"https://console.developers.google.com"}],"status":"PERMISSION_DENIED","details":[{"@type":"type.googleapis.com/google.rpc.ErrorInfo","reason":"SERVICE_DISABLED","domain":"googleapis.com","metadata":{"service":"compute.googleapis.com","consumer":"projects/551025639019","activationUrl":"https://console.developers.google.com/apis/api/compute.googleapis.com/overview?project=551025639019","serviceTitle":"Compute Engine API","containerInfo":"551025639019"}},{"@type":"type.googleapis.com/google.rpc.LocalizedMessage","locale":"en-US","message":"Compute Engine API has not been used in project 551025639019 before or it is disabled. Enable it by visiting https://console.developers.google.com/apis/api/compute.googleapis.com/overview?project=551025639019 then retry. If you enabled this API recently, wait a few minutes for the action to propagate to our systems and retry."},{"@type":"type.googleapis.com/google.rpc.Help","links":[{"description":"Google developers console API activation","url":"https://console.developers.google.com/apis/api/compute.googleapis.com/overview?project=551025639019"}]}]}}
[debug] [2026-04-29T08:14:31.114Z] unable to look up default compute service account. Falling back to 551025639019-compute@developer.gserviceaccount.com. Error: {"name":"FirebaseError","children":[],"context":{"body":{"error":{"code":403,"message":"Compute Engine API has not been used in project 551025639019 before or it is disabled. Enable it by visiting https://console.developers.google.com/apis/api/compute.googleapis.com/overview?project=551025639019 then retry. If you enabled this API recently, wait a few minutes for the action to propagate to our systems and retry.","errors":[{"message":"Compute Engine API has not been used in project 551025639019 before or it is disabled. Enable it by visiting https://console.developers.google.com/apis/api/compute.googleapis.com/overview?project=551025639019 then retry. If you enabled this API recently, wait a few minutes for the action to propagate to our systems and retry.","domain":"usageLimits","reason":"accessNotConfigured","extendedHelp":"https://console.developers.google.com"}],"status":"PERMISSION_DENIED","details":[{"@type":"type.googleapis.com/google.rpc.ErrorInfo","reason":"SERVICE_DISABLED","domain":"googleapis.com","metadata":{"service":"compute.googleapis.com","consumer":"projects/551025639019","activationUrl":"https://console.developers.google.com/apis/api/compute.googleapis.com/overview?project=551025639019","serviceTitle":"Compute Engine API","containerInfo":"551025639019"}},{"@type":"type.googleapis.com/google.rpc.LocalizedMessage","locale":"en-US","message":"Compute Engine API has not been used in project 551025639019 before or it is disabled. Enable it by visiting https://console.developers.google.com/apis/api/compute.googleapis.com/overview?project=551025639019 then retry. If you enabled this API recently, wait a few minutes for the action to propagate to our systems and retry."},{"@type":"type.googleapis.com/google.rpc.Help","links":[{"description":"Google developers console API activation","url":"https://console.developers.google.com/apis/api/compute.googleapis.com/overview?project=551025639019"}]}]}},"response":{"statusCode":403}},"exit":1,"message":"Request to https://compute.googleapis.com/compute/v1/projects/551025639019 had HTTP Error: 403, Compute Engine API has not been used in project 551025639019 before or it is disabled. Enable it by visiting https://console.developers.google.com/apis/api/compute.googleapis.com/overview?project=551025639019 then retry. If you enabled this API recently, wait a few minutes for the action to propagate to our systems and retry.","status":403}
[debug] [2026-04-29T08:14:31.115Z] Checked if tokens are valid: true, expires at: 1777453430618
[debug] [2026-04-29T08:14:31.115Z] Checked if tokens are valid: true, expires at: 1777453430618
[debug] [2026-04-29T08:14:31.115Z] >>> [apiv2][query] POST https://run.googleapis.com/v1/projects/bosstracker-9f91f/locations/us-central1/services/sendduenotifications:setIamPolicy [none]
[debug] [2026-04-29T08:14:31.115Z] >>> [apiv2][body] POST https://run.googleapis.com/v1/projects/bosstracker-9f91f/locations/us-central1/services/sendduenotifications:setIamPolicy {"policy":{"bindings":[{"role":"roles/run.invoker","members":["serviceAccount:551025639019-compute@developer.gserviceaccount.com"]}],"etag":"","version":3},"updateMask":"bindings,etag,version"}
[debug] [2026-04-29T08:14:31.253Z] <<< [apiv2][status] GET https://cloudfunctions.googleapis.com/v2/projects/bosstracker-9f91f/locations/us-central1/operations/operation-1777450401221-65094ebc54a1b-bc67d985-96b782ad 200
[debug] [2026-04-29T08:14:31.253Z] <<< [apiv2][body] GET https://cloudfunctions.googleapis.com/v2/projects/bosstracker-9f91f/locations/us-central1/operations/operation-1777450401221-65094ebc54a1b-bc67d985-96b782ad {"name":"projects/bosstracker-9f91f/locations/us-central1/operations/operation-1777450401221-65094ebc54a1b-bc67d985-96b782ad","metadata":{"@type":"type.googleapis.com/google.cloud.functions.v2.OperationMetadata","createTime":"2026-04-29T08:13:21.708213189Z","endTime":"2026-04-29T08:14:26.096964396Z","target":"projects/bosstracker-9f91f/locations/us-central1/functions/registerBossDeath","verb":"create","cancelRequested":false,"apiVersion":"v2","requestResource":{"@type":"type.googleapis.com/google.cloud.functions.v2.Function","name":"projects/bosstracker-9f91f/locations/us-central1/functions/registerBossDeath","buildConfig":{"runtime":"nodejs20","entryPoint":"registerBossDeath","source":{"storageSource":{"bucket":"gcf-v2-sources-551025639019-us-central1","object":"registerBossDeath/function-source.zip","generation":"1777450401485020"}},"environmentVariables":{"GOOGLE_NODE_RUN_SCRIPTS":""},"serviceAccount":"projects/bosstracker-9f91f/serviceAccounts/551025639019-compute@developer.gserviceaccount.com","automaticUpdatePolicy":{}},"serviceConfig":{"service":"projects/bosstracker-9f91f/locations/us-central1/services/registerbossdeath","timeoutSeconds":60,"environmentVariables":{"FIREBASE_CONFIG":"{\"projectId\":\"bosstracker-9f91f\",\"storageBucket\":\"bosstracker-9f91f.firebasestorage.app\"}","GCLOUD_PROJECT":"bosstracker-9f91f","EVENTARC_CLOUD_EVENT_SOURCE":"projects/bosstracker-9f91f/locations/us-central1/services/registerBossDeath","FUNCTION_TARGET":"registerBossDeath","LOG_EXECUTION_ID":"true"},"ingressSettings":"ALLOW_ALL","serviceAccountEmail":"551025639019-compute@developer.gserviceaccount.com","availableMemory":"256Mi","maxInstanceRequestConcurrency":80,"availableCpu":"1"},"labels":{"deployment-tool":"cli-firebase","deployment-callable":"true","firebase-functions-hash":"8b2fd95938456000be1dc389f4c108f5eb1acb3f"},"environment":"GEN_2"},"stages":[{"name":"BUILD","message":"Build finished","state":"COMPLETE","resource":"projects/551025639019/locations/us-central1/builds/76119b9d-be25-4108-98dd-123be18e18bf","resourceUri":"https://console.cloud.google.com/cloud-build/builds;region=us-central1/76119b9d-be25-4108-98dd-123be18e18bf?project=551025639019"},{"name":"SERVICE","message":"Creating Cloud Run service","state":"COMPLETE","resource":"projects/bosstracker-9f91f/locations/us-central1/services/registerbossdeath","resourceUri":"https://console.cloud.google.com/run/detail/us-central1/registerbossdeath?project=bosstracker-9f91f"}],"sourceToken":"Cldwcm9qZWN0cy81NTEwMjU2MzkwMTkvbG9jYXRpb25zL3VzLWNlbnRyYWwxL2J1aWxkcy83NjExOWI5ZC1iZTI1LTQxMDgtOThkZC0xMjNiZTE4ZTE4YmYSenVzLWNlbnRyYWwxLWRvY2tlci5wa2cuZGV2L2Jvc3N0cmFja2VyLTlmOTFmL2djZi1hcnRpZmFjdHMvYm9zc3RyYWNrZXItLTlmOTFmX191cy0tY2VudHJhbDFfX3JlZ2lzdGVyX2Jvc3NfZGVhdGg6dmVyc2lvbl8xGOv8v92EECJMcHJvamVjdHMvYm9zc3RyYWNrZXItOWY5MWYvbG9jYXRpb25zL3VzLWNlbnRyYWwxL2Z1bmN0aW9ucy9yZWdpc3RlckJvc3NEZWF0aCoMCND7xs8GEIiPj8sCMghub2RlanMyMDp2CiNnY3IuaW8vZ2FlLXJ1bnRpbWVzL25vZGVqczIwOnN0YWJsZRJPdXMtY2VudHJhbDEtZG9ja2VyLnBrZy5kZXYvc2VydmVybGVzcy1ydW50aW1lcy9nb29nbGUtMjItZnVsbC9ydW50aW1lcy9ub2RlanMyMEAB","operationType":"CREATE_FUNCTION","buildName":"projects/551025639019/locations/us-central1/builds/76119b9d-be25-4108-98dd-123be18e18bf"},"done":true,"response":{"@type":"type.googleapis.com/google.cloud.functions.v2.Function","name":"projects/bosstracker-9f91f/locations/us-central1/functions/registerBossDeath","buildConfig":{"build":"projects/551025639019/locations/us-central1/builds/76119b9d-be25-4108-98dd-123be18e18bf","runtime":"nodejs20","entryPoint":"registerBossDeath","source":{"storageSource":{"bucket":"gcf-v2-sources-551025639019-us-central1","object":"registerBossDeath/function-source.zip","generation":"1777450401485020"}},"environmentVariables":{"GOOGLE_NODE_RUN_SCRIPTS":""},"dockerRepository":"projects/bosstracker-9f91f/locations/us-central1/repositories/gcf-artifacts","sourceProvenance":{"resolvedStorageSource":{"bucket":"gcf-v2-sources-551025639019-us-central1","object":"registerBossDeath/function-source.zip","generation":"1777450401485020"}},"dockerRegistry":"ARTIFACT_REGISTRY","serviceAccount":"projects/bosstracker-9f91f/serviceAccounts/551025639019-compute@developer.gserviceaccount.com","automaticUpdatePolicy":{}},"serviceConfig":{"service":"projects/bosstracker-9f91f/locations/us-central1/services/registerbossdeath","timeoutSeconds":60,"environmentVariables":{"FIREBASE_CONFIG":"{\"projectId\":\"bosstracker-9f91f\",\"storageBucket\":\"bosstracker-9f91f.firebasestorage.app\"}","GCLOUD_PROJECT":"bosstracker-9f91f","EVENTARC_CLOUD_EVENT_SOURCE":"projects/bosstracker-9f91f/locations/us-central1/services/registerBossDeath","FUNCTION_TARGET":"registerBossDeath","LOG_EXECUTION_ID":"true"},"ingressSettings":"ALLOW_ALL","uri":"https://registerbossdeath-nut2cjdbma-uc.a.run.app","serviceAccountEmail":"551025639019-compute@developer.gserviceaccount.com","availableMemory":"256Mi","allTrafficOnLatestRevision":true,"revision":"registerbossdeath-00001-gup","maxInstanceRequestConcurrency":80,"availableCpu":"1"},"state":"ACTIVE","updateTime":"2026-04-29T08:13:21.703323249Z","labels":{"deployment-tool":"cli-firebase","deployment-callable":"true","firebase-functions-hash":"8b2fd95938456000be1dc389f4c108f5eb1acb3f"},"environment":"GEN_2","url":"https://us-central1-bosstracker-9f91f.cloudfunctions.net/registerBossDeath","createTime":"2026-04-29T08:13:21.703323249Z","satisfiesPzi":true}}
[debug] [2026-04-29T08:14:31.253Z] Got source token Cldwcm9qZWN0cy81NTEwMjU2MzkwMTkvbG9jYXRpb25zL3VzLWNlbnRyYWwxL2J1aWxkcy83NjExOWI5ZC1iZTI1LTQxMDgtOThkZC0xMjNiZTE4ZTE4YmYSenVzLWNlbnRyYWwxLWRvY2tlci5wa2cuZGV2L2Jvc3N0cmFja2VyLTlmOTFmL2djZi1hcnRpZmFjdHMvYm9zc3RyYWNrZXItLTlmOTFmX191cy0tY2VudHJhbDFfX3JlZ2lzdGVyX2Jvc3NfZGVhdGg6dmVyc2lvbl8xGOv8v92EECJMcHJvamVjdHMvYm9zc3RyYWNrZXItOWY5MWYvbG9jYXRpb25zL3VzLWNlbnRyYWwxL2Z1bmN0aW9ucy9yZWdpc3RlckJvc3NEZWF0aCoMCND7xs8GEIiPj8sCMghub2RlanMyMDp2CiNnY3IuaW8vZ2FlLXJ1bnRpbWVzL25vZGVqczIwOnN0YWJsZRJPdXMtY2VudHJhbDEtZG9ja2VyLnBrZy5kZXYvc2VydmVybGVzcy1ydW50aW1lcy9nb29nbGUtMjItZnVsbC9ydW50aW1lcy9ub2RlanMyMEAB for region us-central1
[debug] [2026-04-29T08:14:31.253Z] Checked if tokens are valid: true, expires at: 1777453430618
[debug] [2026-04-29T08:14:31.253Z] Checked if tokens are valid: true, expires at: 1777453430618
[debug] [2026-04-29T08:14:31.253Z] >>> [apiv2][query] POST https://run.googleapis.com/v1/projects/bosstracker-9f91f/locations/us-central1/services/registerbossdeath:setIamPolicy [none]
[debug] [2026-04-29T08:14:31.253Z] >>> [apiv2][body] POST https://run.googleapis.com/v1/projects/bosstracker-9f91f/locations/us-central1/services/registerbossdeath:setIamPolicy {"policy":{"bindings":[{"role":"roles/run.invoker","members":["allUsers"]}],"etag":"","version":3},"updateMask":"bindings,etag,version"}
[debug] [2026-04-29T08:14:31.407Z] <<< [apiv2][status] POST https://run.googleapis.com/v1/projects/bosstracker-9f91f/locations/us-central1/services/joinguildwithinvite:setIamPolicy 200
[debug] [2026-04-29T08:14:31.407Z] <<< [apiv2][body] POST https://run.googleapis.com/v1/projects/bosstracker-9f91f/locations/us-central1/services/joinguildwithinvite:setIamPolicy {"version":1,"etag":"BwZQlO/yJvg=","bindings":[{"role":"roles/run.invoker","members":["allUsers"]}]}
[info] +  functions[joinGuildWithInvite(us-central1)] Successful create operation. 
[debug] [2026-04-29T08:14:31.612Z] <<< [apiv2][status] POST https://run.googleapis.com/v1/projects/bosstracker-9f91f/locations/us-central1/services/sendduenotifications:setIamPolicy 200
[debug] [2026-04-29T08:14:31.612Z] <<< [apiv2][body] POST https://run.googleapis.com/v1/projects/bosstracker-9f91f/locations/us-central1/services/sendduenotifications:setIamPolicy {"version":1,"etag":"BwZQlO/1P6s=","bindings":[{"role":"roles/run.invoker","members":["serviceAccount:551025639019-compute@developer.gserviceaccount.com"]}]}
[debug] [2026-04-29T08:14:31.612Z] Checked if tokens are valid: true, expires at: 1777453430618
[debug] [2026-04-29T08:14:31.612Z] Checked if tokens are valid: true, expires at: 1777453430618
[debug] [2026-04-29T08:14:31.612Z] >>> [apiv2][query] GET https://compute.googleapis.com/compute/v1/projects/551025639019 [none]
[debug] [2026-04-29T08:14:31.754Z] <<< [apiv2][status] GET https://compute.googleapis.com/compute/v1/projects/551025639019 403
[debug] [2026-04-29T08:14:31.754Z] <<< [apiv2][body] GET https://compute.googleapis.com/compute/v1/projects/551025639019 {"error":{"code":403,"message":"Compute Engine API has not been used in project 551025639019 before or it is disabled. Enable it by visiting https://console.developers.google.com/apis/api/compute.googleapis.com/overview?project=551025639019 then retry. If you enabled this API recently, wait a few minutes for the action to propagate to our systems and retry.","errors":[{"message":"Compute Engine API has not been used in project 551025639019 before or it is disabled. Enable it by visiting https://console.developers.google.com/apis/api/compute.googleapis.com/overview?project=551025639019 then retry. If you enabled this API recently, wait a few minutes for the action to propagate to our systems and retry.","domain":"usageLimits","reason":"accessNotConfigured","extendedHelp":"https://console.developers.google.com"}],"status":"PERMISSION_DENIED","details":[{"@type":"type.googleapis.com/google.rpc.ErrorInfo","reason":"SERVICE_DISABLED","domain":"googleapis.com","metadata":{"activationUrl":"https://console.developers.google.com/apis/api/compute.googleapis.com/overview?project=551025639019","containerInfo":"551025639019","service":"compute.googleapis.com","serviceTitle":"Compute Engine API","consumer":"projects/551025639019"}},{"@type":"type.googleapis.com/google.rpc.LocalizedMessage","locale":"en-US","message":"Compute Engine API has not been used in project 551025639019 before or it is disabled. Enable it by visiting https://console.developers.google.com/apis/api/compute.googleapis.com/overview?project=551025639019 then retry. If you enabled this API recently, wait a few minutes for the action to propagate to our systems and retry."},{"@type":"type.googleapis.com/google.rpc.Help","links":[{"description":"Google developers console API activation","url":"https://console.developers.google.com/apis/api/compute.googleapis.com/overview?project=551025639019"}]}]}}
[debug] [2026-04-29T08:14:31.754Z] unable to look up default compute service account. Falling back to 551025639019-compute@developer.gserviceaccount.com. Error: {"name":"FirebaseError","children":[],"context":{"body":{"error":{"code":403,"message":"Compute Engine API has not been used in project 551025639019 before or it is disabled. Enable it by visiting https://console.developers.google.com/apis/api/compute.googleapis.com/overview?project=551025639019 then retry. If you enabled this API recently, wait a few minutes for the action to propagate to our systems and retry.","errors":[{"message":"Compute Engine API has not been used in project 551025639019 before or it is disabled. Enable it by visiting https://console.developers.google.com/apis/api/compute.googleapis.com/overview?project=551025639019 then retry. If you enabled this API recently, wait a few minutes for the action to propagate to our systems and retry.","domain":"usageLimits","reason":"accessNotConfigured","extendedHelp":"https://console.developers.google.com"}],"status":"PERMISSION_DENIED","details":[{"@type":"type.googleapis.com/google.rpc.ErrorInfo","reason":"SERVICE_DISABLED","domain":"googleapis.com","metadata":{"activationUrl":"https://console.developers.google.com/apis/api/compute.googleapis.com/overview?project=551025639019","containerInfo":"551025639019","service":"compute.googleapis.com","serviceTitle":"Compute Engine API","consumer":"projects/551025639019"}},{"@type":"type.googleapis.com/google.rpc.LocalizedMessage","locale":"en-US","message":"Compute Engine API has not been used in project 551025639019 before or it is disabled. Enable it by visiting https://console.developers.google.com/apis/api/compute.googleapis.com/overview?project=551025639019 then retry. If you enabled this API recently, wait a few minutes for the action to propagate to our systems and retry."},{"@type":"type.googleapis.com/google.rpc.Help","links":[{"description":"Google developers console API activation","url":"https://console.developers.google.com/apis/api/compute.googleapis.com/overview?project=551025639019"}]}]}},"response":{"statusCode":403}},"exit":1,"message":"Request to https://compute.googleapis.com/compute/v1/projects/551025639019 had HTTP Error: 403, Compute Engine API has not been used in project 551025639019 before or it is disabled. Enable it by visiting https://console.developers.google.com/apis/api/compute.googleapis.com/overview?project=551025639019 then retry. If you enabled this API recently, wait a few minutes for the action to propagate to our systems and retry.","status":403}
[debug] [2026-04-29T08:14:31.754Z] Checked if tokens are valid: true, expires at: 1777453430618
[debug] [2026-04-29T08:14:31.754Z] Checked if tokens are valid: true, expires at: 1777453430618
[debug] [2026-04-29T08:14:31.754Z] >>> [apiv2][query] GET https://cloudscheduler.googleapis.com/v1/projects/bosstracker-9f91f/locations/us-central1/jobs/firebase-schedule-sendDueNotifications-us-central1 [none]
[debug] [2026-04-29T08:14:31.807Z] <<< [apiv2][status] POST https://run.googleapis.com/v1/projects/bosstracker-9f91f/locations/us-central1/services/registerbossdeath:setIamPolicy 200
[debug] [2026-04-29T08:14:31.807Z] <<< [apiv2][body] POST https://run.googleapis.com/v1/projects/bosstracker-9f91f/locations/us-central1/services/registerbossdeath:setIamPolicy {"version":1,"etag":"BwZQlO/4RBk=","bindings":[{"role":"roles/run.invoker","members":["allUsers"]}]}
[info] +  functions[registerBossDeath(us-central1)] Successful create operation. 
[debug] [2026-04-29T08:14:32.258Z] <<< [apiv2][status] GET https://cloudscheduler.googleapis.com/v1/projects/bosstracker-9f91f/locations/us-central1/jobs/firebase-schedule-sendDueNotifications-us-central1 404
[debug] [2026-04-29T08:14:32.258Z] <<< [apiv2][body] GET https://cloudscheduler.googleapis.com/v1/projects/bosstracker-9f91f/locations/us-central1/jobs/firebase-schedule-sendDueNotifications-us-central1 {"error":{"code":404,"message":"Job not found.","status":"NOT_FOUND"}}
[debug] [2026-04-29T08:14:32.258Z] Checked if tokens are valid: true, expires at: 1777453430618
[debug] [2026-04-29T08:14:32.258Z] Checked if tokens are valid: true, expires at: 1777453430618
[debug] [2026-04-29T08:14:32.258Z] >>> [apiv2][query] POST https://cloudscheduler.googleapis.com/v1/projects/bosstracker-9f91f/locations/us-central1/jobs [none]
[debug] [2026-04-29T08:14:32.258Z] >>> [apiv2][body] POST https://cloudscheduler.googleapis.com/v1/projects/bosstracker-9f91f/locations/us-central1/jobs {"timeZone":"UTC","name":"projects/bosstracker-9f91f/locations/us-central1/jobs/firebase-schedule-sendDueNotifications-us-central1","httpTarget":{"uri":"https://us-central1-bosstracker-9f91f.cloudfunctions.net/sendDueNotifications","httpMethod":"POST","oidcToken":{"serviceAccountEmail":"551025639019-compute@developer.gserviceaccount.com"}},"schedule":"every 1 minutes","attemptDeadline":null,"retryConfig":{"maxDoublings":null,"retryCount":null,"maxBackoffDuration":null,"minBackoffDuration":null,"maxRetryDuration":null}}
[debug] [2026-04-29T08:14:36.512Z] <<< [apiv2][status] POST https://cloudscheduler.googleapis.com/v1/projects/bosstracker-9f91f/locations/us-central1/jobs 200
[debug] [2026-04-29T08:14:36.512Z] <<< [apiv2][body] POST https://cloudscheduler.googleapis.com/v1/projects/bosstracker-9f91f/locations/us-central1/jobs {"name":"projects/bosstracker-9f91f/locations/us-central1/jobs/firebase-schedule-sendDueNotifications-us-central1","httpTarget":{"uri":"https://us-central1-bosstracker-9f91f.cloudfunctions.net/sendDueNotifications","httpMethod":"POST","headers":{"User-Agent":"Google-Cloud-Scheduler"},"oidcToken":{"serviceAccountEmail":"551025639019-compute@developer.gserviceaccount.com","audience":"https://us-central1-bosstracker-9f91f.cloudfunctions.net/sendDueNotifications"}},"userUpdateTime":"2026-04-29T08:14:36.261176Z","state":"ENABLED","status":{"code":-1},"scheduleTime":"2026-04-29T08:15:00Z","retryConfig":{"maxRetryDuration":"0s","minBackoffDuration":"5s","maxBackoffDuration":"3600s","maxDoublings":5},"schedule":"every 1 minutes","timeZone":"UTC","attemptDeadline":"180s"}
[debug] [2026-04-29T08:14:36.512Z] created scheduler job firebase-schedule-sendDueNotifications-us-central1
[info] +  functions[sendDueNotifications(us-central1)] Successful create operation. 
[warn] !  functions: Deploys failed. Skipping deletes. 
[debug] [2026-04-29T08:14:36.517Z] Total Function Deployment time: 125723
[debug] [2026-04-29T08:14:36.517Z] 4 Functions Deployed
[debug] [2026-04-29T08:14:36.517Z] 1 Functions Errored
[debug] [2026-04-29T08:14:36.517Z] 0 Function Deployments Aborted
[debug] [2026-04-29T08:14:36.517Z] Average Function Deployment time: 104374.75
[info] 
[info] Functions deploy had errors with the following functions:
	createInvite(us-central1)
[debug] [2026-04-29T08:14:36.670Z] Checked if tokens are valid: true, expires at: 1777453430618
[debug] [2026-04-29T08:14:36.670Z] Checked if tokens are valid: true, expires at: 1777453430618
[debug] [2026-04-29T08:14:36.670Z] >>> [apiv2][query] GET https://artifactregistry.googleapis.com/v1/projects/bosstracker-9f91f/locations/us-central1/repositories/gcf-artifacts [none]
[debug] [2026-04-29T08:14:37.182Z] <<< [apiv2][status] GET https://artifactregistry.googleapis.com/v1/projects/bosstracker-9f91f/locations/us-central1/repositories/gcf-artifacts 200
[debug] [2026-04-29T08:14:37.182Z] <<< [apiv2][body] GET https://artifactregistry.googleapis.com/v1/projects/bosstracker-9f91f/locations/us-central1/repositories/gcf-artifacts {"name":"projects/bosstracker-9f91f/locations/us-central1/repositories/gcf-artifacts","format":"DOCKER","description":"This repository is created and used by Cloud Functions for storing function docker images.","labels":{"goog-managed-by":"cloudfunctions"},"createTime":"2026-04-29T08:12:41.167430Z","updateTime":"2026-04-29T08:14:08.378415Z","mode":"STANDARD_REPOSITORY","sizeBytes":"97733948","vulnerabilityScanningConfig":{"lastEnableTime":"2026-04-29T08:12:32.784141878Z","enablementState":"SCANNING_DISABLED","enablementStateReason":"API containerscanning.googleapis.com is not enabled."},"satisfiesPzi":true,"registryUri":"us-central1-docker.pkg.dev/bosstracker-9f91f/gcf-artifacts"}
[warn] !  functions: No cleanup policy detected for repositories in us-central1. This may result in a small monthly bill as container images accumulate over time. 
